56b5,5ad6,5ad6,5ad6,5ad6,5ad6,5ad6,56b5,5ad6,5ef7,56b5,5ad6,2d6b,0000,8000,8000
56b5,5ad6,5ad6,5ad6,5ad6,5ad6,56b5,5ad6,5ef7,5ad6,56b5,5ef7,2d6b,0000,8000,8000
56b5,5ad6,5ad6,5ad6,5ad6,56b5,56b5,5ef7,5ad6,56b5,56b5,5ad6,294a,0000,8000,8000
56b5,5ad6,5ad6,5ad6,56b5,5ad6,5ef7,5ef7,56b5,56b5,56b5,56b5,2108,0000,8000,8000
56b5,5ad6,56b5,56b5,5ad6,5ef7,5ef7,5ad6,56b5,56b5,5294,56b5,2107,0000,8000,8000
56b5,5ad6,56b5,56b5,5ef7,5ef7,5ad6,56b5,56b5,5294,5294,56b5,294a,0000,8000,8000
5294,5ad6,56b5,56b5,5ad6,5ad6,56b5,56b5,5294,56b5,56b5,4e73,318a,0000,0000,8000
5294,5ad6,56b5,56b5,56b5,56b5,5294,5294,5294,5ef7,5294,4a0a,5e63,2d20,0000,8000
5294,5ad6,56b5,56b5,56b5,5294,5294,5294,56b4,56b5,4630,5645,6680,3d80,0000,8000
5294,5ad6,56b5,56b5,5294,5294,5294,56b4,4e94,4633,524b,5e61,6680,3540,0000,8000
5294,56b5,56b5,5294,5294,5294,5295,4e74,4631,66ee,6ee5,6aa0,6ea0,3960,0000,8000
5294,56b5,5294,5294,56b5,56b5,5272,5aae,732c,7f68,7f20,7b00,6aa0,41a0,0000,8000
56b5,5ad6,56b5,5294,4a52,4632,566d,7f89,7f6a,7f21,7f20,7b00,6260,3540,0000,8000
14a5,14a5,14a5,1084,0421,0421,14a4,7309,7f84,7f40,7f40,6aa0,6260,2d20,0000,8000
0000,0000,0000,0000,0000,0000,0000,18a1,20e0,20c0,1cc0,1880,18a0,0820,0000,8000
8000,8000,8000,8000,8000,8000,0000,0000,0000,0000,0000,0000,0000,0000,8000,8000
8000,8000,0842,56b5,5ad6,5ad6,56b5,56b5,56b5,56b5,56b5,56b5,56b5,56b5,5294,8000
8000,8000,0421,56b5,6739,5ef7,5ef7,5ef7,5ef7,5ef7,5ef7,5ef7,5ad6,5ad6,56b5,8000
8000,8000,0421,5294,6739,5ef7,5ef7,5ef7,5ef7,5ef7,5ef7,5ad6,5ad6,5ad6,56b5,8000
8000,8000,0000,4e73,6739,6318,5ef7,5ef7,5ef7,5ef7,5ad6,5ad6,5ad6,5ad6,56b5,8000
8000,0000,0000,4631,6739,5ef7,5ef7,5ef7,5ef7,5ad6,5ad6,5ad6,5ad6,5ad6,56b5,8000
0000,0000,0000,318a,5ad6,5ef7,5ef7,5ad6,5ad6,5ad6,5ad6,5ad6,5ad6,5ad6,56b5,8000
0000,1061,4e03,4de0,460c,56b6,5ef6,5ad6,5ad6,5ad6,5ad6,5ad6,5ad6,5ad6,56b5,8000
0000,1cc2,7f8b,7f44,5a67,4653,56b5,5ad6,5ad6,5ad6,5ad6,5ad6,5ad6,5ad6,5294,8000
0000,1480,7b49,7f69,7308,4a52,4e73,5ef7,5ad6,56b5,5ad6,5ad6,56b5,56b5,5294,8000
0000,0840,7728,7f8b,7f43,66c8,4233,5294,5ef7,5ad6,5ad6,56b5,56b5,5ad6,5294,8000
0000,0000,6ae9,7f65,7f20,7f20,5eaa,4631,5294,5ad7,5ad6,56b5,56b5,56b5,5294,8000
8000,0000,6ac4,7f40,7f20,7f20,7f00,6aa3,49e6,5273,5ad6,5ad6,5ad6,5ad6,56b5,8000
8000,1481,7f21,7f40,7f20,7f40,7b00,72e0,5200,4e72,5ad6,56b5,56b5,5ef7,56b5,8000
8000,0840,6680,7b00,76e0,76e0,6aa0,6ec0,3da1,1084,1084,1084,1084,14a5,1084,8000
8000,0000,0820,1480,1060,1060,1060,1060,0820,0000,0000,0000,0000,0000,0000,8000
8000,8000,0000,0000,0000,0000,0000,0000,0000,8000,8000,8000,8000,8000,8000,8000
8000,8000,8000,8000,8000,8000,8000,0000,0000,0000,0000,0000,0000,0000,8000,8000
0000,0000,0000,0000,0000,0000,0000,0420,1cc1,20e0,24e2,20e1,20c0,0000,0000,8000
1ce7,1ce7,1ce7,1ce7,1ce7,1ce7,1ce7,5a69,7f8a,7f89,7f6a,7f65,7f41,45c0,0000,8000
6318,6739,6739,6739,6739,6739,56b6,732c,7f8a,7f6b,7f48,7f20,7f40,6aa0,0420,8000
5ad6,6318,6318,6318,6318,6318,56b5,5a8f,772a,7f89,7f43,7b00,7f40,6680,0420,8000
5ef7,6318,6318,5ef7,5ef7,6317,5ef7,4e95,4e72,66ca,72e0,6260,6a80,6260,0820,8000
5ef7,6318,5ef7,5ef7,5ef7,5ef7,5ef7,5ef7,56d6,4e74,4e26,5e40,5620,6680,0c40,0000
5ad6,5ef7,5ad6,56b5,5ad6,5ef7,5ef7,5ad6,5ad6,5ef7,4e50,49e2,5e40,6ec0,0840,0000
5ad6,5ad6,56b5,56b5,5ad6,5ef7,5ad6,5ad6,5ad6,5ef7,5ad6,4e4e,6aa0,5200,0420,0000
56b5,56b5,56b5,5ad6,5ef7,5ad6,5ad6,5ad6,5ad6,5ad6,5ad7,5ad5,3587,0000,0000,8000
5294,5ad6,5ad6,5ef7,5ad6,5ad6,5ad6,5ad6,5ad6,5ad6,56b5,5ad6,296b,0000,8000,8000
56b5,5ef7,5ef7,5ad6,5ad6,5ad6,5ad6,5ad6,5ad6,5ad6,56b5,5ef7,39cd,0000,8000,8000
5ad6,5ef7,5ad6,5ad6,5ad6,5ad6,5ad6,5ad6,5ad6,5ad6,56b5,6318,35ad,0000,8000,8000
56b5,5ad6,5ad6,5ad6,5ad6,5ad6,5ad6,5ad6,5ad6,5ad6,56b5,5ef7,39ce,0000,8000,8000
56b5,5ad6,5ad6,5ad6,5ad6,5ad6,5ad6,5ad6,5ad6,5ad6,56b5,5ef7,318c,0000,8000,8000
8000,8000,8000,8000,8000,8000,8000,8000,8000,8000,8000,8000,8000,8000,8000,8000
8000,0000,0000,0000,0000,0000,0000,0000,0000,0000,8000,8000,8000,8000,8000,8000
8000,0820,2d23,2903,1cc2,18a1,18a0,1cc0,24e3,0421,0000,0000,0000,0000,0000,0000
0000,1481,7f8a,7f66,6681,6260,6260,6260,7f22,49c2,14a6,1ce7,1ce7,2529,2529,2529
0000,1081,7729,7f21,76e0,6680,5a20,5a20,6681,5e8a,56d6,6739,6739,6b5a,6b5a,6b5a
0000,18c2,7f47,7f20,7f20,6260,4de0,4e2a,4e73,52b6,6318,6739,6739,6739,6739,6318
0000,1cc3,7f44,7f20,72e0,5621,4a2d,5ad7,6739,6739,6739,6739,6318,6318,6318,6318
0000,20e3,7f66,7b00,6ea1,526e,631a,6b59,6739,6739,6739,6318,6318,6318,6318,6318
0000,2902,7fa7,7f20,5a88,5ad8,6b59,6739,6739,6739,6739,6318,6318,6318,6318,6318
0000,1480,5646,5a89,5270,6319,6739,6739,6739,6318,6318,6318,6318,6318,6318,5ef7
8000,0000,0000,2d6d,5ad7,6318,6739,6739,6318,6318,6318,6318,6318,6318,5ef7,5ef7
8000,8000,0000,2d6b,6f7b,6739,6739,6318,6318,6318,6318,6318,5ef7,5ef7,5ef7,5ad6
8000,8000,0000,2d6b,6f7b,6318,6318,5ef7,6318,6318,5ef7,5ef7,5ef7,5ef7,5ef7,5ad6
8000,8000,0000,39ce,6f7b,6318,5ef7,5ef7,5ef7,5ef7,5ef7,5ef7,5ef7,5ef7,5ef7,5ef7
8000,8000,0000,4a52,6b5a,5ef7,5ef7,5ef7,5ef7,5ef7,5ef7,5ef7,5ef7,5ef7,5ef7,5ef7
8000,8000,0000,4e73,6739,5ad6,5ef7,5ef7,5ef7,5ef7,5ef7,5ef7,5ef7,5ef7,5ef7,5ad6
8000,8000,8000,8000,8000,8000,8000,8000,8000,8000,8000,8000,8000,8000,8000,8000
4e73,4e73,4e73,5294,56b5,4e74,4e73,4a52,4a52,4a52,4a52,4a52,4632,4a52,2d6b,0c63
6f7b,739c,739c,739c,739c,739c,739c,739c,739c,739c,739c,739d,739d,77be,5ef7,18c6
56b5,56b5,56b5,5ad6,5ad6,5ad6,5ad6,5ad6,5ad6,5ad6,5ad6,6739,6b5a,739c,5ef7,18c6
5ef7,5ef7,62f8,6318,5ef7,5ef7,5ef7,5ef7,5ef7,5ad6,56b5,5ad6,5ef7,6f7b,5ef7,18c6
318c,39ce,3def,4a52,4a52,4a52,4a52,39ee,35ad,4a72,5ad6,5ad6,5ef7,6f7b,5ef7,18c6
0c03,0c03,0c03,1004,1004,1004,0c04,0c04,0401,18c6,56b5,5ad6,5ef7,6f7b,5ef7,18c6
4030,4030,4030,4030,4030,4030,4030,4431,300c,20a8,56d5,5ad6,5ef7,6f7b,56b5,14a5
5035,5035,5035,5035,5035,5034,5034,4c53,340e,28c9,5af6,5ad7,5ef7,6f7b,56b5,1084
5035,5435,5435,5435,5435,5455,5035,5034,380f,28eb,5f17,5ad6,5ef7,6f7b,56b5,1084
300c,300c,300d,300d,340d,340e,382f,3c2f,280b,24e9,6739,5ad6,5ef7,6f7b,5ad6,18c6
0822,1064,1485,1485,1485,1064,1064,1465,0c43,2d6b,6318,5ad6,5ef7,6f7b,6318,18c6
4e73,5af6,5ef7,6318,6739,5ef7,56b5,56b5,56b5,5ad6,5ad6,5ad6,6318,739c,6739,18c6
6318,5ef7,5ef7,5ef7,6318,6739,6318,5ef7,5ef7,5ad6,56b5,5ad6,5ef7,6f7b,6739,1ce7
5ef7,5ad6,5ad6,5ad6,5ad6,56b5,5ad6,5ad6,5ad6,5ad6,5ad6,6739,6739,739c,6b5a,294a
5ad6,5ef7,5ef7,5ef7,5ef7,5ad6,5ad6,5ad6,5ef7,6318,6318,6318,5ef7,5ef7,5ad6,2529
1ce7,2529,294a,294a,294a,294a,294a,294a,294a,294a,294a,2529,2529,2529,2108,2108
5ef7,5ad6,5ad6,56b5,56b5,56b5,56b5,5294,5294,56b5,4e73,4e73,4e73,4e73,4e73,56b5
6318,5ef7,5ef7,5ef7,5ef7,5ef7,5ef7,5ef7,6318,6739,6b5a,6b5a,6b5a,6b5a,6f7b,6f7b
5ad6,56b5,56b5,56b5,56b5,56b5,56b5,56b5,56b5,56b5,56b5,56b5,56b5,56b5,56b5,5ad6
6739,6739,6739,6739,62f8,5ef7,5ef7,5ef7,5ef7,5ed7,5ef7,6739,6b5a,6739,5ef7,6318
294a,1d07,2108,2108,18e6,14c5,14c6,14c5,14c5,14a5,18c5,2529,39ce,3def,35cd,39ce
1445,0802,0803,0802,0803,0803,0803,0803,0c03,0c03,0803,0803,0c03,0c03,0c03,1846
4892,4431,4431,4431,4431,4031,4031,4051,4031,4031,4051,4451,4031,4031,4010,4491
5496,5415,5435,5435,5435,5435,5435,5435,5435,5435,5435,5435,5435,5435,5015,5495
5094,4c34,5054,5054,5054,5034,5034,5034,5034,5034,5034,5035,5035,5035,5034,5495
286a,2008,2008,2008,2008,2008,2008,1c07,1c07,2008,2009,280a,280a,280a,240a,306c
18c6,0c63,1064,0c63,0c63,0c64,0c63,0c63,0c63,0c63,0c63,1064,1064,1485,0c63,1485
5ef7,5ad6,5ad6,5ad6,5ad6,5ad6,5ad6,5ad6,5ad6,5ef7,5ef7,5af6,5ef7,5ef7,5ad6,56d5
5ef7,5ab6,5ad6,5ad6,5ad6,5ad6,5ad6,5ad6,5ad6,5ef7,62f7,5ef7,5ef7,5ef7,5ef7,6318
6739,6318,6318,6318,5ef7,6318,6318,5ef7,5ef7,5ef7,6318,5ef7,5ef7,5ef7,5ef7,6318
5ef7,5ad6,5ef7,6318,6318,6318,6318,5ef7,5ad6,5ef7,56b5,56b5,56b5,56b5,56b5,5ad6
2108,18c6,18c6,2d6b,35ad,318c,318c,318c,318c,318c,1ce7,18c6,18c6,18c6,18c6,2108
56b5,56b5,56b5,56b5,5ad6,5ef7,5ad6,5ad6,4e73,4a52,56b5,5ad6,5ef7,6739,6318,6739
6318,6318,6318,6318,6318,5ef7,5ef7,5ef7,5ef7,5ef7,5ef7,5ef7,5ef7,5ef7,5ef7,6318
56b5,56b5,56b5,56b5,56b5,56b5,56b5,56b5,56b5,56b5,56b5,56b5,56b5,56b5,56b5,5ad6
56b5,56b5,56b5,5ad6,6318,6739,6739,6739,6739,6739,6739,6739,6739,6739,6739,6739
14a5,14a5,14a5,18c6,1ce7,1d07,1d07,1d07,1d07,1d07,1d07,1d07,2107,2108,1d07,294a
1405,1005,1405,1005,1004,1004,1004,1004,1004,1004,1004,1004,1004,1004,0c03,1445
4431,4431,4432,4432,4431,4432,4432,4432,4432,4432,4432,4432,4432,4832,4431,4892
5035,5035,5035,5035,5035,5035,5035,5035,5435,5435,5435,5435,5435,5435,5415,5495
4c34,4c34,4c34,4c34,4c34,5034,5034,5034,5034,5034,5034,5034,5034,5034,4c34,5095
2409,240a,240a,240a,280a,280a,280a,280a,280a,2409,2009,2008,2008,2009,2008,286a
1ce7,2509,2509,20e8,18c6,18c6,18c6,18c7,1cc7,18a6,1064,0c64,0c63,1064,0c63,18c6
6318,6739,6739,6318,6318,6318,6318,5ef7,5ef7,5ef7,5ad6,5ad6,5ad6,5ad6,5ab6,5ef7
5ed6,5ed7,5ed7,5ef7,5ad6,5ad6,5ad6,5ad6,5ab6,5ad6,5ad6,5ad6,5ad6,5ad6,5ad6,5ef7
56b5,56b5,56b5,56b5,5ad6,5ad6,5af6,5ef7,5ef7,5ad6,5ad6,5ad6,5ad6,5ef7,5ef7,6739
5ad6,5ad6,5ad6,5ad6,5ad6,5ad6,5ad6,56b5,56b5,56b5,56b5,56b5,56b5,56b5,5ad6,5ef7
318c,318c,318c,318c,2529,2529,1ce7,18c6,18c6,18c6,18c6,18c6,18c6,18c6,18c6,2108
4a52,4e73,4e73,56b5,56b5,56b5,56b5,5ad6,56b5,4e73,4e73,4e73,4e73,4e73,56b5,56b5
56b5,5ad6,56b5,5ad6,5ef7,6318,5ef7,5ef7,6318,6318,6318,6318,6318,6318,5ef7,5ef7
56b5,5ad6,4e73,5294,56b5,56b5,56b5,56b5,56b5,56b5,56b5,56b5,56b5,56b5,56b5,56b5
56b5,5ef7,5294,5294,5ad6,6318,6739,6739,6739,6739,6739,6739,6739,6318,5ad6,5294
5ad6,56b5,5294,5294,5ef7,5293,2108,1d07,1d08,1d07,1d07,1d08,1d07,1ce7,14c5,10a4
5ad6,56b5,5294,5294,5af6,2509,0c03,1806,1406,1004,1004,1004,1004,1004,1405,1405
5ad6,56b5,5294,5294,56b5,20c8,300c,4852,4432,4432,4431,4432,4432,4431,4431,4431
5ad6,56b5,5294,56b5,5295,18a6,280a,4833,4c34,5435,5435,5435,5435,5435,5035,5035
5ad6,56b5,5294,56b5,4a72,0c43,2c0b,4833,4c34,5054,4c54,4c54,5054,5034,4c54,4c34
56b5,56b5,5294,56b5,4e73,0842,0c03,2008,2008,2008,2008,2008,2008,2008,2008,2008
56b5,56b5,5294,56b5,5ad6,39ce,1d08,2108,2108,2108,2108,2108,2108,20e8,18c6,18c6
5294,56b5,5294,56b5,5ad6,6318,62f8,5ef7,5ef7,5ef7,5ef7,5ef7,5ef7,5ef7,5ad6,5ef7
5294,56b5,5294,5294,56b5,5ad6,5ad6,5ad6,5ad6,5ad6,5ad6,5ad6,5ad6,5ad6,5ad6,5ad6
5ad6,5ad6,5ad6,5ef7,5ef7,5ef7,5ad6,5ad6,5ad6,5ad6,5ad6,5ad6,5ad6,5ad6,5ad6,56b5
35ad,2d6b,318c,35ad,35ad,39ce,4210,4210,4a52,4a52,4a52,4a52,5294,56b5,5ad6,5ad6
14a5,0842,0c63,0842,0842,0c63,1084,1084,14a5,14a5,14a5,14a5,14a5,18c6,2d6b,318c
8000,8000,8000,8000,8000,8000,b5ad,5ef7,a108,8c63,8842,8000,8000,8000,8000,8000
8000,8000,8000,8000,8000,8000,bdef,d294,9ce7,9084,8842,8000,8000,8000,8000,8000
8000,8000,8000,8000,8000,8000,b9ce,ce73,9084,8421,8000,8000,8000,8000,8000,8000
8000,8000,8000,8000,8000,8000,a94a,a529,8421,8000,8000,8000,8000,8000,8000,8000
8000,8000,8000,8000,8000,8000,8421,8421,8000,8000,8000,8000,8000,8000,8000,8000
8000,8000,8000,8000,8000,8000,8000,8000,8000,8000,8000,8000,8000,8000,8000,8000
8000,8000,8000,8000,8000,8000,8000,8000,8000,8000,8000,8000,8000,8000,8000,8000
8000,8000,8000,8000,8000,8000,8000,8000,8000,8000,8000,8000,8000,8000,8000,8000
8000,8000,8000,8000,8000,8000,8000,8000,8000,8000,8000,8000,8000,8000,8000,8000
8000,8000,8000,8000,8000,8000,8000,8000,8000,8000,8000,8000,8000,8000,8000,8000
8000,8000,8000,8000,8000,8000,8400,8000,8000,8000,8000,8000,8000,8000,8000,8000
8000,8000,8000,8420,4184,1040,1081,1ca1,1882,0c41,1040,4140,8c20,8000,8000,8000
8000,8000,8000,5a07,7f2a,6a43,4960,4541,4541,4541,69e1,7ec3,61c0,8400,8000,8000
8000,8400,5a24,7f88,7f47,7f86,7f86,7f87,7f68,7f67,7f46,7f26,7f24,59e1,8000,8000
8000,8c60,3d83,3562,3d83,3d83,3962,3562,3982,3d83,3d83,3d83,3d83,3da3,0840,8000
8000,8000,8000,8000,8000,8000,8000,8000,8000,8000,8000,8000,8000,8000,8000,8000
8000,8000,8000,8000,8000,8000,b9ce,5ef7,a108,8c63,8842,8000,8000,8000,8000,8000
8000,8000,8000,8000,8000,8000,bdef,d294,9ce7,8c63,8842,8000,8000,8000,8000,8000
8000,8000,8000,8000,8000,8000,bdef,ce73,9084,8421,8000,8000,8000,8000,8000,8000
8000,8000,8000,8000,8000,8000,a94a,a94a,8421,8000,8000,8000,8000,8000,8000,8000
8000,8000,8000,8000,8000,8000,8842,8421,8000,8000,8000,8000,8000,8000,8000,8000
8000,8000,8000,8000,8000,8000,8000,8000,8000,8000,8000,8000,8000,8000,8000,8000
8000,8000,8000,8000,8000,8000,8000,8000,8000,8000,8000,8000,8000,8000,8000,8000
8000,8000,8000,8000,8000,8000,8000,8000,8000,8000,8000,8000,8000,8000,8000,8000
8000,8000,8000,8000,8000,8000,8000,8000,8000,8000,8000,8000,8000,8000,8000,8000
8000,8000,8000,8000,8000,8000,8000,8000,8000,8000,8000,8000,8000,8000,8000,8000
8000,8000,8000,8000,8000,8000,8000,8000,8000,8000,8000,8000,8000,8000,8000,8000
8000,8000,8000,8420,3943,0820,1081,1ca1,1882,0c41,0820,3920,8820,8000,8000,8000
8000,8000,8000,55e6,7f2a,6202,3d20,3d21,3d21,3900,61c0,7ec2,59a0,8000,8000,8000
8000,8000,5204,7f88,7f47,7f86,7f86,7f67,7f67,7f47,7f25,7f06,7f23,51a1,8000,8000
8000,1061,49e3,45c3,49e3,49c3,45c3,41a3,49c3,49c3,49e3,49e3,49e4,4de3,0c40,8000
8000,8000,8000,8000,8000,8000,8000,8000,8000,8000,8000,8000,8000,8000,8000,8000
0000,0000,0000,0000,0421,0842,0842,0422,0000,0000,0000,0000,0000,0000,0000,0000
5ad6,5ad6,5ad6,5ad6,5ad6,5ef7,5ad6,5ad6,56b5,56b5,56b5,56b5,52b5,52b5,5294,294a
6739,6b5a,6f7b,6f7b,6f7b,6f7b,6f7b,6f7b,6f7b,6f7b,6f7b,6f7b,779c,77bd,7bde,5294
5ad6,56b5,56b5,56b5,56b5,56b5,56b5,56b5,5ad5,56b5,56b5,5ad6,6318,6739,739c,4e73
4e73,5294,5ad6,5ef7,6318,6318,6318,6318,56b5,56b5,5ef7,56b5,5ad6,6318,739c,4e73
0842,0c63,1084,14a5,1ce7,1ce7,1ce7,1ce7,14a4,1084,39ce,5ad6,5ad6,6318,739c,4e73
3180,3180,3180,3180,3180,3180,3180,3180,35a0,1ce0,2529,5ad6,5ef6,6318,739c,4631
5ac0,5ac0,5ac0,5ac0,5ac0,5ac0,5ac0,5ac0,56a0,35a0,2d6b,5ef7,5ef6,6318,6f7b,4210
5ac0,5ac0,5ee0,5ee0,5ee0,5ee0,5ee0,5ac0,56a0,35a0,35ac,6318,5ad6,5ef7,6f7b,4210
3180,39c0,3de0,3de0,3de0,3de0,4200,4620,4620,2940,35ac,6739,5ad6,5ef7,6f7b,4a52
0421,0842,14a4,14a4,18c5,14a4,14a4,14a4,18c4,1083,3def,6318,5ad6,6318,739c,5294
5294,5295,5ef8,6318,6739,6b5a,6318,5ad6,56b6,5ad6,5ad6,56b5,5ad6,6318,739c,56b5
5ef7,5ef7,5ad6,5ad6,5ad6,5ef7,6318,5ef7,5ad6,5ad6,56b5,56b5,5ad6,6318,739c,5ad6
6318,6318,5ef7,5ef7,5ef7,5ef7,5ef7,5ef7,5ef7,5ef7,5ef7,6739,6b5a,6b5a,77bd,5ef7
3def,4210,4e73,4e73,4e73,4a52,4a52,4a52,4a52,4e73,5294,4e73,4e73,4a52,4a52,3def
0000,0000,0000,0000,0421,0421,0421,0421,0421,0421,0421,0000,0000,0000,0000,0000
2108,1ce7,1ce7,14a5,14a5,14a5,14a5,0c63,0842,0842,0000,0000,0000,0000,0000,8000
6318,5ef7,5ef7,5ad6,5ad6,5ad6,5ad6,56b5,56b5,5ad6,56b5,56b5,56b5,56b5,5ad6,8000
5ad6,5ad6,5ad6,5ad6,5ad6,5ad6,5ad6,5ad6,5ef7,6318,6318,6318,6318,6739,6739,8000
5ef7,5ef7,5ef7,5ef7,5ef7,5ef7,5ef7,5ef7,5ef7,5ef7,5ef7,5ef7,5ad6,56b5,56b5,8000
4e73,4e73,4e73,4e73,4631,4210,4210,4210,4210,4210,4631,56b5,6318,5ef7,56b5,8000
0000,0000,0000,0000,0000,0000,0000,0000,0000,0000,0000,0841,14a4,14a4,1084,8000
35a0,35a0,35a0,35a0,35a0,35a0,35a0,35a0,35a0,35a0,35a0,35a0,3180,3180,3180,8000
5ee0,5ee0,5ee0,5ee0,5ee0,5ae0,5ac0,5ac0,5ac0,5ac0,5ee0,5ee0,5ee0,5ac0,5ac0,8000
5ac0,5ac0,5ac0,5ac0,5ac0,5ac0,5ac0,5ac0,5ac0,5ee0,5ee0,5ac0,5ac0,5ac0,5ac0,8000
2940,2940,2940,2940,2940,2940,2940,2520,2520,2940,2940,3180,3180,3180,3180,8000
1084,1084,1084,1084,1084,1084,1084,1084,1084,1084,1084,1084,14a5,14a4,1083,8000
5ef6,5ef6,5ef6,5ef6,5ef6,5ef6,5ef7,5ef7,5ef7,5ef7,5ef7,5ef7,6318,5ef7,5ad7,8000
5ad5,56b5,5ad5,5ad6,5ad6,5ad6,5ad6,5ad6,5ad6,5ef7,5ef7,5ef7,5ef7,5ef7,5ef7,8000
6739,6739,6739,6739,6739,6739,6739,6318,6318,6318,6739,6739,6318,6318,6318,8000
4210,4210,4631,5294,56b5,5294,5294,4e73,4e73,4e73,4210,3def,3def,3def,3def,8000
0000,0000,0000,0421,0842,0842,0842,0842,0842,0842,0000,0000,0000,0000,0000,8000
1084,14a5,1085,1084,18c6,1ce7,1ce7,1ce7,0c63,0842,1084,14a5,1ce7,2529,2529,2529
5294,5ef7,5ad6,5ad6,5ef7,6318,5ef7,5ef7,56b5,5294,5ad6,5ef7,6318,6739,6739,6739
5294,5ef7,5ef7,5ef7,5ad6,5ad6,5ad6,5ad6,5ad6,5ad6,5ad6,5ad6,5ad6,56b5,56b5,56b5
5294,5ef6,5ad6,5ad6,5ef7,5ef7,5ef7,5ef7,6317,6317,5ef7,5ef7,5ef7,5ef7,5ef7,5ef7
35ad,3def,39ce,3df0,4a52,4e73,4e73,4e73,4e73,4e73,4e73,4e73,4e73,4e73,4e73,4e73
0420,0420,0420,0420,0420,0420,0420,0420,0420,0420,0420,0420,0420,0420,0420,0000
35a0,3de0,39c0,3de0,39c0,39c0,39c0,39c0,3de0,3de0,3de0,3de0,3dc0,3dc0,39c0,35a0
5280,5ac0,5ac0,5ac0,5ac0,5ac0,5ac0,5ac0,5ac0,5ac0,5ac0,5ac0,5ac0,5ac0,5ac0,5ee0
5280,5ac0,5ac0,5ac0,5ac0,5ac0,5ac0,5ac0,5ac0,5ac0,5ac0,5ac0,5ac0,5ac0,5ac0,5ac0
2940,3180,2d60,2d60,3180,3180,3180,3180,3180,2d60,2940,2940,2940,2940,2940,2940
18c6,2529,2949,2108,1ce7,1ce7,1ce7,1ce7,1ce7,1ce6,1084,1084,1084,1084,1084,1084
5ad6,6b5a,6739,6739,6318,6318,6318,6318,5ef7,5ef7,5ef7,5ef6,5ef6,5ef6,5ef6,5ef6
5294,5ad6,5ad6,5ad6,5ad6,56b5,56b5,56b5,56b5,56b5,56b5,56b5,56b5,56b5,56b5,56b5
5294,5ad6,5ad6,5ad6,5ef7,5ef7,6318,6318,6318,6318,6318,6318,6318,6318,6739,6b5a
4631,4e73,4e73,4e73,4a52,4a52,4631,4210,3def,3def,3def,3def,3def,3def,4210,4210
0842,0842,0842,0842,0421,0000,0000,0000,0000,0000,0000,0000,0000,0000,0000,0000
1084,1084,14a5,14a5,14a5,14a5,14a5,14a5,1084,0842,0842,0842,0842,0c63,1084,14a5
5294,5294,56b5,5ad6,5ad6,5ef7,5ef7,5ef7,5ad6,56b5,56b5,56b5,56b5,56b5,5ad6,5ad6
5ef7,56b5,56b5,5ad6,5ad6,5ad6,5ad6,5ad6,5ef7,5ef7,5ef7,5ef7,5ef7,5ef7,5ad6,5ad6
5ef7,56b5,5294,56b5,56b5,5ad6,5ef7,5ef7,5ef7,5ef7,5ef7,5ef7,5ef7,5ef7,5ad6,5ad6
5ad6,56b5,5294,56b5,6318,5ad6,4a53,4e73,4e73,4e73,4e73,4e73,4e73,4a52,3def,39ce
56b5,5294,5294,56b5,5ad6,18c6,0420,0840,0840,0420,0420,0420,0420,0420,0420,0420
56b5,5294,5294,5ad5,4632,14a1,3de0,4200,3de0,39c0,39c0,39c0,39c0,39c0,3de0,3de0
56b5,56b5,5294,5ad5,4211,14a1,4200,5280,56a0,5ac0,5ac0,5ac0,5ac0,5ac0,5ac0,5ac0
56b5,56b5,5294,5ad6,35ad,0840,4200,5280,5ac0,5ee0,5ac0,5ac0,5ac0,5ac0,5ac0,5ac0
56b5,56b5,5294,5ad6,35ad,0000,2100,2940,2940,2940,2940,2940,2940,2940,2940,2940
56b5,56b5,5294,56b5,5294,2d6b,2108,2108,2108,2108,2108,2108,2109,2108,18c6,18c7
56b5,56b5,5294,56b5,5ef7,6318,6318,6318,6318,6318,6318,6318,6318,5ef7,5ef7,6318
56b5,56b5,5294,56b5,56b5,56b5,56b5,56b5,56b5,5ad6,5ad6,5ad6,56b5,56b5,56b5,56b5
56b5,56b5,5ad6,5ad6,5ad6,5ad6,5ad6,5ad6,5ad6,5ef7,5ef7,5ef7,5ef7,5ef7,5ad6,5ad6
18c6,18c6,1ce7,1ce7,1ce7,294a,294a,2d6b,35ad,35ad,35ad,35ad,39ce,4210,4e73,4e73
0000,0000,0000,0000,0000,0000,0000,0000,0000,0000,0000,0000,0000,0000,0842,0842
8000,8000,8000,8000,8000,8000,8000,8000,8000,8000,8000,8000,8000,8000,8000,8000
8000,8000,8000,8000,8000,8000,8000,8000,8000,8000,8000,8000,8000,8000,8000,8000
8000,8000,8000,8000,8000,8000,8000,8000,8000,8000,8000,8000,8000,8000,8000,8000
8000,8000,8000,8000,8000,8000,8000,8000,8000,8000,8000,8000,20c0,1cc0,8000,8000
8000,8000,8000,8000,8000,8000,8000,8000,8000,8000,8420,45c1,3961,45c1,3540,8000
8000,8000,8000,8000,8000,8000,8000,8000,8000,8000,2d21,3982,0002,0022,4181,1460
8000,8000,8000,8000,8000,8000,8000,8000,8000,8000,3140,2901,0002,0022,4561,1880
8000,8000,8000,8000,8000,8000,8000,8000,8000,1481,5200,6a80,3121,4161,4140,8000
8000,8000,8000,8000,8000,8000,8000,8000,8841,5e60,7f20,5e00,3520,20c0,8000,8000
8000,8000,8000,8000,8000,8000,8000,8001,5200,7b00,6620,0c20,8000,8000,8000,8000
8000,8000,8000,8000,8000,8000,8001,45a1,7b00,7280,1ca1,8000,8000,8000,8000,8000
8000,8000,8000,8000,8000,8000,3d80,7700,76a0,2d01,8000,8000,8000,8000,8000,8000
8000,8000,8000,8000,8000,2d20,72e0,7ac0,4961,8000,8000,8000,8000,8000,8000,8000
8000,8000,8000,8000,24e0,7703,7ec0,59a0,8421,8000,8000,8000,8000,8000,8000,8000
8000,8000,8000,2d21,7b24,7ec2,65e0,8821,8000,8000,8000,8000,8000,8000,8000,8000
8000,8000,8420,6aa1,7f02,6e00,1461,8000,8000,8000,8000,8000,8000,8000,8000,8000
8000,8000,8000,8000,8000,8000,8000,8000,8000,8000,8000,8000,8000,8000,8000,8000
8000,8000,8000,8422,8001,8843,8000,8000,8000,8000,8000,8000,8000,8000,8000,8000
8000,8421,1084,3142,3d40,2ce2,9084,8000,8000,8000,8000,8000,8000,8000,8000,8000
8000,8422,3561,3980,1481,4560,3102,8443,8000,8000,8000,8000,8000,8000,8000,8000
8000,8c62,41a0,0422,0002,1061,4160,8422,8000,8000,8000,8000,8000,8000,8000,8000
8000,8c64,3981,3142,0422,3141,3d81,8843,8000,8000,8000,8000,8000,8000,8000,8000
8000,8842,14a4,3d80,45c0,6ea0,55e0,0422,8000,8000,8000,8000,8000,8000,8000,8000
8000,8000,8442,8c63,0c62,5e40,7f00,3920,8001,8000,8000,8000,8000,8000,8000,8000
8000,8000,8000,8000,8864,3143,72e0,76a0,24c1,8001,8000,8000,8000,8000,8000,8000
8000,8000,8000,8000,8000,8844,41a1,7b00,6640,1ca4,8021,8000,8000,8000,8000,8000
8000,8000,8000,8000,8000,8421,1063,5e60,7b00,59c0,8c64,8000,8000,8000,8000,8000
8000,8000,8000,8000,8000,8000,8022,20c1,6ec0,7aa0,3d21,8c65,8000,8000,8000,8000
8000,8000,8000,8000,8000,8000,8000,8443,3d81,7b01,7640,2ce3,8c84,8000,8000,8000
8000,8000,8000,8000,8000,8000,8000,8422,0c63,5a42,7f03,65c0,14a5,8842,8000,8000
8000,8000,8000,8000,8000,8000,8000,8000,8422,20e2,7b03,7ea1,4d60,8c63,8000,8000
8000,8000,8000,8000,8000,8000,8000,8000,8000,9085,49c1,7f42,6a65,8c62,8000,8000
8000,8000,8000,8000,8000,8000,8000,8000,8000,8000,8000,8000,8000,8000,8000,8000
8000,8000,8000,8000,8000,8000,8000,8000,8000,8000,8000,8000,8000,8000,8000,8000
8000,8000,8000,8000,8000,8000,8000,8000,8000,8000,8000,8000,8000,8000,8000,8000
8000,8000,8000,8000,8000,8000,8000,8420,9480,8000,8000,8000,8000,8000,8000,8000
8000,8000,8000,8000,8000,8000,8420,3540,3141,3521,8400,8000,8000,8000,8000,8000
8000,8000,8000,8000,8000,8000,9480,3142,0002,3521,9460,8000,8000,8000,8000,8000
8000,8000,8000,8000,8000,8000,8420,3961,3961,3941,8400,8000,8000,8000,8000,8000
8000,8000,8000,8000,8000,8000,8000,2900,7f00,1040,8000,8000,8000,8000,8000,8000
8000,8000,8000,8000,8000,8000,8000,3140,76c0,8c20,8000,8000,8000,8000,8000,8000
8000,8000,8000,8000,8000,8000,8000,2d20,7ae0,9040,8000,8000,8000,8000,8000,8000
8000,8000,8000,8000,8000,8000,8000,3140,7ae0,9460,8000,8000,8000,8000,8000,8000
8000,8000,8000,8000,8000,8000,8000,3140,7ee0,9860,8000,8000,8000,8000,8000,8000
8000,8000,8000,8000,8000,8000,8000,3561,7ee1,1860,8000,8000,8000,8000,8000,8000
8000,8000,8000,8000,8000,8000,8000,3d82,7ee2,1460,8000,8000,8000,8000,8000,8000
8000,8000,8000,8000,8000,8000,8000,45c1,7ee1,1460,8000,8000,8000,8000,8000,8000
8000,8000,8000,8000,8000,8000,8000,8c40,a8e0,8820,8000,8000,8000,8000,8000,8000
8000,8000,8000,8000,8000,8000,8000,8000,8000,8000,8000,8000,8000,8000,8000,8000
8000,8000,8000,8000,8000,8000,8000,8000,8000,8000,8000,8000,8000,8000,8000,8000
8000,8000,8000,8000,8000,8000,8000,8000,8000,8000,8000,8000,8000,8000,8000,8000
8000,8000,8000,8000,0000,3100,4580,4160,4160,4160,4160,3d40,1060,0000,8000,8000
0820,0820,0820,0840,3140,7f20,7b00,76e0,7b00,7ae0,7b00,7280,1480,0000,8000,8000
28e0,24e0,24e0,2900,3d80,2d20,5a20,72e0,6ea0,6ea0,72a0,3120,0000,8000,8000,8000
45c0,45c0,45c0,45a0,41a0,3560,1060,6680,72c0,72c0,55e0,0400,0000,8000,8000,8000
5a40,5a40,5a40,5a40,5a40,6260,18a0,1480,76e0,6660,1460,0000,8000,8000,8000,8000
1ca0,18a0,18a0,18a0,18a0,18a0,1cc0,1ca0,72a0,3920,0000,8000,8000,8000,8000,8000
41a0,3d80,3d80,3d80,3d80,3d80,3d80,3d80,3960,0820,8000,8000,8000,8000,8000,8000
0000,0000,0000,0000,0000,0000,0000,0000,0000,8000,8000,8000,8000,8000,8000,8000
8000,8000,8000,8000,8000,8000,8000,8000,8000,8000,8000,8000,8000,8000,8000,8000
8000,8000,8000,8000,8000,8000,8000,8000,8000,8000,8000,8000,8000,8000,8000,8000
8000,8000,8000,8000,8000,8000,8000,8000,8000,8000,8000,8000,8000,8000,8000,8000
8000,8000,8000,8000,8000,8000,8000,8000,8000,8000,8000,8000,8000,8000,8000,8000
8000,8000,8000,8000,8000,8000,8000,8000,8000,8000,8000,8000,8000,8000,8000,8000
8000,8000,8000,8000,8000,8000,8000,8000,8000,8000,8000,8000,8000,8000,8000,8000
8000,8000,8000,8000,8000,8000,8000,8000,8000,8000,8000,8000,8000,8000,8000,8000
8000,8000,8000,8000,8000,8000,8000,8000,8000,8000,8000,8000,8000,8000,8000,8000
8000,8000,8000,8000,0420,3920,4560,4560,4560,4160,4560,3940,0000,8000,8000,8000
8000,8000,8000,8000,0840,6e60,7ee0,7ee0,7ee0,7ee0,7f00,7f40,45c0,0c40,0c60,0c40
8000,8000,8000,8000,0000,2d00,72a0,6aa0,6ec0,6260,3140,3140,3540,24e0,24e0,2d20
8000,8000,8000,8000,8000,0000,4dc0,72a0,76e0,3140,1060,45c0,4180,45a0,41a0,45a0
8000,8000,8000,8000,8000,8000,1040,6e80,6ea0,0400,3540,6260,5a20,5e40,6260,5a40
8000,8000,8000,8000,8000,8000,0000,3120,6e80,20e0,20c0,1cc0,1cc0,20e0,24e0,20c0
8000,8000,8000,8000,8000,8000,8000,0000,3120,3960,3560,3560,41a0,41a0,41a0,41a0
8000,8000,8000,8000,8000,8000,8000,8000,0000,0000,0000,0000,0000,0000,0000,0000
8000,8000,8000,8000,8000,8000,8000,8000,8000,8000,8000,8000,8000,8000,8000,8000
8000,8000,8000,8000,8000,8000,8000,8000,8000,8000,8000,8000,8000,8000,8000,8000
8000,8000,8000,8000,8000,8000,8000,8000,8000,8000,8000,8000,8000,8000,8000,8000
8000,8000,8000,8000,8000,8000,8000,8000,8000,8000,8000,8000,8000,8000,8000,8000
8000,8000,8000,8000,8000,8000,8000,8000,8000,8000,8000,8000,8000,8000,8000,8000
8000,8021,8022,8042,8043,8043,8043,8043,8043,8043,8042,8022,8021,8001,8000,8000
8021,8042,8043,8063,8084,8084,8084,8084,8084,8084,8063,8043,8042,8021,8001,8000
8022,8043,8064,8085,8043,8043,8043,8043,8064,8043,8064,8065,8043,8042,8021,8000
8042,8063,8085,0022,196d,21d0,25cf,19cf,014d,014d,0063,8043,8063,8043,8022,8000
8042,8085,8022,194b,6bff,47df,2fbf,179f,031e,02dc,0214,0042,8064,8043,8022,8000
8042,8064,0022,4b5c,73ff,1b5f,031f,031f,033f,02ba,02dc,010a,8021,8063,8022,8000
8043,8064,8022,196c,53df,277f,033f,033f,033f,02dc,01d2,0022,8064,8043,8022,8000
8042,8063,8085,0000,2633,3fdf,033f,033f,033f,0257,0043,8064,8063,8043,8022,8000
8022,8043,8064,8085,0022,36d8,1b7f,033f,02db,0085,8043,8084,8043,8042,8021,8000
8021,8042,8043,8063,8043,0863,273c,035f,00e9,8021,8084,8064,8043,8022,8001,8000
8001,8021,8042,8043,8063,8022,0d2a,05b1,8001,8084,8064,8043,8022,8021,8000,8000
8000,8021,8022,8042,8043,8063,8022,0000,8064,8063,8043,8022,8021,8000,8000,8000
8000,8000,8021,8022,8042,8043,8064,8063,8043,8043,8022,8021,8001,8000,8000,8000
8000,8000,8000,8021,8022,8022,8042,8042,8022,8022,8021,8001,8000,8000,8000,8000
8000,8000,8000,8000,8001,8021,8021,8021,8021,8021,8000,8000,8000,8000,8000,8000
8000,8000,8000,8000,8000,8000,8000,8000,8000,8000,8000,8000,8000,8000,8000,8000
8000,8000,8000,8000,8000,8000,8000,8000,8000,8000,8000,8000,8000,8000,8000,8000
8000,8000,8000,8000,8400,8400,8400,8400,8400,8400,8400,8400,8000,8000,8000,8000
8000,8000,8400,8400,8800,8800,8c00,8c00,8c00,8c00,8800,8800,8400,8400,8000,8000
8000,8400,8800,8800,8c00,8c00,9000,9000,9000,9000,8c00,8c00,8800,8400,8400,8000
8000,8400,8800,8c00,9400,8c00,8c00,8c00,9000,9000,9000,9400,8c00,8800,8400,8000
8400,8800,8c00,9400,8800,3c40,4c20,4c00,3c00,2c00,2000,8800,9000,8c00,8800,8000
8400,8800,9000,8800,3c40,7d83,7c20,7400,6c00,5800,5000,2000,8800,8c00,8800,8400
8400,8800,8c00,8400,5060,7d42,6800,6000,6400,6000,5000,2800,8800,8c00,8800,8400
8400,8800,8c00,9000,0800,6000,7c00,6000,6400,5c00,3000,0400,9000,8c00,8800,8000
8000,8400,8800,8c00,9000,1000,6c00,6c00,6400,3c00,0800,9400,8c00,8800,8400,8000
8000,8400,8800,8c00,8c00,8c00,1c00,7400,5000,0800,9000,8c00,8c00,8800,8400,8000
8000,8000,8400,8800,8c00,8c00,8800,2400,1800,8c00,8c00,8c00,8800,8400,8000,8000
8000,8000,8000,8400,8800,8c00,8c00,8400,8800,8800,8c00,8800,8400,8000,8000,8000
8000,8000,8000,8000,8400,8800,8800,8c00,8800,8800,8800,8400,8000,8000,8000,8000
8000,8000,8000,8000,8000,8400,8400,8400,8400,8400,8400,8000,8000,8000,8000,8000
8000,8000,8000,8000,8000,8000,8000,8000,8000,8000,8000,8000,8000,8000,8000,8000
8000,8000,8000,8000,8001,8021,8021,8021,8021,8021,8021,8001,8000,8000,8000,8000
8000,8000,8000,8001,8021,8022,8021,8021,8000,8022,8022,8021,8001,8000,8000,8000
8000,8000,8001,8021,8022,8042,8021,8086,8043,8042,8042,8022,8021,8001,8000,8000
8000,8000,8021,8022,8042,8021,0063,0259,00c9,8000,8042,8042,8021,8021,8000,8000
8000,8001,8021,8022,8042,8022,00a6,029c,012d,0000,8063,8043,8022,8021,8000,8000
8000,8001,8021,8043,8042,8021,0043,027b,0170,0000,8063,8043,8042,8021,8000,8000
8000,8021,8022,8043,8042,8022,0000,0238,01d5,0000,8064,8064,8043,8022,8001,8000
8000,8001,8022,8042,8063,0000,0000,0170,014e,0000,8084,8064,8043,8022,8001,8000
8000,8001,8022,8043,0000,00c9,0238,0216,010c,0022,8064,8063,8043,8022,8000,8000
8000,8001,8021,8043,0000,00eb,0217,01b3,0170,0022,8063,8063,8042,8021,8000,8000
8000,8000,8021,8021,8042,0000,014e,00eb,0000,8042,8063,8043,8022,8021,8000,8000
8000,8000,8021,8022,8042,0001,01f6,00eb,0000,8063,8063,8043,8022,8021,8000,8000
8000,8000,8001,8021,8000,8021,0043,0021,8021,8021,8043,8022,8021,8001,8000,8000
8000,8000,8000,8021,8021,8021,8021,8021,8042,8042,8022,8021,8021,8000,8000,8000
8000,8000,8000,8000,8021,8021,8000,8000,8021,8022,8021,8021,8000,8000,8000,8000
8000,8000,8000,8000,8000,8001,8021,8021,8021,8021,8001,8000,8000,8000,8000,8000
8000,8000,8000,8000,8000,8000,8000,8000,8000,8000,8000,8000,8000,8000,8000,8000
8000,8000,8000,8000,8000,8001,8021,8021,8021,8021,8021,8021,8021,8001,8000,8000
8000,8000,8000,8000,8001,8021,8022,8021,8042,8043,8042,8042,8022,8021,8021,8000
8000,8000,8000,8021,8021,8042,8042,8043,8021,8000,8042,8042,8042,8022,8021,8021
8000,8000,8001,8021,8022,8042,8043,0001,012c,814e,0042,8021,8042,8043,8022,8021
8000,8000,8021,8022,8042,8063,8022,0064,029c,0171,01b3,0022,8063,8063,8043,8022
8000,8000,8021,8022,8043,8021,8000,014d,025a,0085,01d4,012d,8021,8063,8043,8022
8000,8000,8021,8042,8043,8021,0000,016f,01b2,0191,0191,0170,8000,8063,8043,8042
8000,8000,8021,8000,8021,010b,014d,012d,016f,027b,00ea,0001,8085,8084,8043,8042
8000,8000,8021,8021,0021,0238,031f,029d,010b,0170,014e,0000,80a5,8065,8043,8022
8000,8000,8001,8021,8001,0043,00ca,00ea,0000,0086,01b4,0022,8085,8064,8043,8022
8000,8000,8000,8021,8021,8042,8020,8000,8064,0022,0191,0043,8043,8063,8042,8021
8000,8000,8000,8021,8022,8042,8042,8084,8063,0000,00c9,0043,8043,8043,8022,8021
8000,8000,8000,8000,8021,8022,8043,8064,8064,8063,8021,8042,8042,8042,8021,8001
8000,8000,8000,8000,8001,8021,8022,8043,8043,8043,8042,8042,8022,8021,8001,8000
8000,8000,8000,8000,8000,8001,8021,8022,8022,8042,8022,8022,8021,8021,8000,8000
8000,8000,8000,8000,8000,8001,8021,8000,8000,8000,8000,8001,8000,8000,8000,8000
8000,8000,8000,8000,8021,8021,8021,8001,8022,8022,8021,8021,8021,8001,8000,8000
8000,8000,8000,8001,8021,8000,8000,0042,0216,010c,0000,8021,8000,8021,8001,8000
8000,8000,8000,8021,8021,8021,8000,0022,0259,0239,0021,8021,8000,8021,8021,8000
8000,8000,8000,8021,8021,8022,0000,0000,018f,02de,00eb,8000,8042,8022,8021,8000
8000,8000,8000,8021,8021,8021,0000,010b,0190,02ff,0192,0000,8022,8022,8021,8000
8000,8000,8001,8021,8021,8021,0000,0278,0191,0237,01d4,0000,8042,8042,8021,8000
8000,8000,8001,8021,8000,8021,0000,0238,01d4,0065,00a7,8021,8043,8042,8021,8000
8000,8000,8000,8000,0000,0043,010b,025a,012e,00a7,0000,8042,8042,8042,8021,8000
8000,8000,8000,0000,00a7,029c,02be,01b3,010c,01f6,0021,8021,8021,8022,8021,8000
8000,8000,8000,0000,00c8,01d4,014e,0043,012d,0239,0022,8021,8021,8022,8021,8000
8000,8000,8000,8000,8000,0000,0000,8000,0085,01b2,0021,8021,8000,8021,8021,8000
8000,8000,8000,8000,8000,8021,8022,8021,0000,0044,0000,8021,8000,8021,8001,8000
8000,8000,8000,8000,8021,8021,8021,8022,8021,8001,8021,8021,8021,8021,8000,8000
8000,8000,8000,8000,8000,8021,8021,8021,8021,8000,8000,8021,8021,8000,8000,8000
8000,8000,8000,8000,8000,8000,8001,8021,8021,8021,8021,8001,8000,8000,8000,8000
8000,8000,8000,8001,8021,8022,8022,8021,8021,8021,8022,8021,8021,8001,8000,8000
8000,8000,8021,8021,8022,8042,8042,8042,8085,8064,8042,8043,8022,8021,8021,8000
8000,8001,8021,8022,8043,8042,8021,0044,0217,010c,8001,8063,8043,8022,8021,8001
8000,8021,8021,8042,8043,8063,0000,010c,02be,010c,0000,8063,8063,8042,8022,8001
8000,8021,8022,8043,8063,8064,0000,0191,025a,010c,0000,8064,8064,8043,8022,8021
8001,8021,8022,8043,8063,8043,0086,025a,0218,012d,0000,8084,8064,8043,8042,8021
8001,8021,8042,8043,8064,8021,0000,0170,02be,0170,0000,8084,8085,8063,8042,8021
8000,8021,8042,8042,8021,0086,00a7,01b1,027c,0065,8042,80a5,8065,8063,8042,8021
8000,8021,8021,8021,0000,01b2,02be,02fe,027a,0043,8064,8084,8064,8043,8042,8021
8000,8021,8022,8042,8022,0043,00a7,00ea,0239,00ca,8042,8084,8064,8043,8022,8021
8000,8001,8021,8042,8042,8043,8021,0000,025a,0170,8000,8084,8064,8043,8022,8001
8000,8000,8021,8022,8043,8063,8063,0021,012d,00c8,8021,8063,8043,8042,8021,8000
8000,8000,8021,8021,8042,8043,8063,8042,8000,8000,8043,8042,8042,8022,8021,8000
8000,8000,8000,8021,8022,8042,8043,8042,8021,8021,8042,8042,8022,8021,8001,8000
8000,8000,8000,8000,8021,8021,8021,8022,8022,8022,8022,8021,8021,8001,8000,8000
8000,8000,8000,8000,8000,8000,8000,8000,8000,8000,8000,8000,8000,8000,8000,8000
8000,8000,8000,8000,8000,8000,8000,8000,8000,8000,8000,8000,8000,8000,8000,8000
8000,8000,8001,8001,8000,8000,8001,8000,8000,8000,8000,8001,8000,8000,8000,8000
8000,8021,8021,8022,8021,8000,8000,8000,8000,8001,8000,8021,8021,8021,8000,8000
8021,8022,8042,8042,0000,0022,8001,8000,8000,0021,0021,8042,8042,8022,8021,8000
8022,8043,8063,8001,00e9,02dc,0237,01f4,0215,027a,00e9,8020,8042,8043,8022,8000
8042,8064,8085,0000,0237,035f,033f,035f,033f,033f,01b3,0000,8084,8064,8042,8000
8043,8084,8063,0086,027a,02fe,02de,02bd,02bd,014e,0192,00c9,8021,8084,8043,8000
8043,8084,8000,010c,010c,01d2,02df,025a,029c,010c,0064,01b3,0022,8064,8042,8000
8043,8085,0042,0191,0043,0190,02ff,027c,029d,016f,0000,014e,0065,8042,8042,8000
8042,8084,8043,0043,0000,014f,029d,01f5,027b,0170,0000,0043,8043,8085,8043,8000
8022,8064,8085,80a6,8043,014e,027b,0064,01d5,0191,8021,80a5,80a5,8064,8042,8000
8021,8043,8064,8084,8043,014e,025a,0022,01b2,0191,8021,80c6,8085,8043,8021,8000
8001,8022,8063,8084,8042,012d,01f6,0000,014f,0170,8000,8084,8064,8042,8021,8000
8000,8021,8042,8063,8043,0043,0065,0001,0043,0044,8043,8063,8043,8021,8000,8000
8000,8001,8022,8043,8064,8064,8064,8085,8084,8064,8064,8043,8022,8001,8000,8000
8000,8000,8021,8022,8043,8063,8063,8064,8084,8063,8043,8022,8021,8000,8000,8000
8000,8000,8000,8000,8000,8000,8021,0064,8000,8000,8000,8000,8000,8000,8000,8000
8000,8000,8000,8000,8000,8000,0170,0990,8000,8021,8000,8000,8000,8000,8000,8000
8000,8000,8000,8000,8000,8043,06de,0259,8001,8000,8000,8000,8000,8000,8000,8000
8000,8000,8000,8000,8000,8065,26fe,3b9f,154c,8000,8000,8000,8000,8000,8000,8000
8000,8000,8000,8000,8021,8021,2614,379f,1abc,8043,8000,8000,8000,8000,8000,8000
8000,8000,8000,8000,8042,8043,00c9,0ede,0b1f,010c,8000,8000,8000,8000,8000,8000
8000,8000,8000,8001,8042,8063,8065,36da,377f,8086,8000,8001,8000,8000,8000,8000
8000,8000,8000,8021,8063,8065,8043,158f,114d,8463,8021,8021,8000,8000,8000,8000
8000,8000,8000,8042,8043,1dd0,21f2,0066,1edb,375e,0190,8021,8000,8000,8000,8000
8000,8000,8021,8042,8085,2f1d,2e55,116e,3f7f,275f,133f,8ce9,8021,8021,8000,8000
8000,8000,8022,8042,8086,05d3,2eda,1ebb,19f3,0a9b,2afb,196d,8022,8021,8000,8000
8000,8000,8022,8042,80c9,02df,1699,06bc,027a,096e,15f3,010c,8043,8042,8000,8000
8000,8000,8021,8021,80a8,0259,2251,1234,02be,1a10,1298,012e,8063,8043,8000,8000
8000,8000,8001,8021,8043,01f6,06bc,067b,025b,0238,0216,8064,8063,8022,8000,8000
8000,8000,8000,8022,8042,8085,0238,0216,15b0,0616,80c8,8085,8043,8021,8000,8000
8000,8000,8000,8001,8022,8042,8043,80a6,88e8,8064,8064,8063,8022,8000,8000,8000
8000,8000,8000,8000,8000,8021,8021,8001,8000,8000,8000,8000,8000,8000,8000,8000
8000,8000,8000,8000,8021,8000,154c,8ce8,8000,8001,8000,8000,8000,8000,8000,8000
8000,8000,8000,8000,8021,8000,0df5,0a16,8000,8000,8000,8000,8000,8000,8000,8000
8000,8000,8000,8001,8021,8043,169b,0ebd,8043,8000,8000,8000,8000,8000,8000,8000
8000,8000,8000,8021,8042,8085,3b3d,435e,8064,8000,8000,8000,8000,8000,8000,8000
8000,8000,8000,8022,8063,8064,16bc,1279,8043,8021,8000,8000,8000,8000,8000,8000
8000,8000,8000,8042,8084,8064,012e,00a9,8021,8022,8000,8000,8000,8000,8000,8000
8000,8000,8021,8042,8044,0d2b,0863,1d8e,05d3,012d,8022,8000,8000,8000,8000,8000
8000,8000,8042,8042,1dd2,1eba,0d0b,26fd,0b3f,379f,198f,8001,8021,8000,8000,8000
8000,8001,8021,8043,19b0,0217,029d,0170,1abb,437e,129a,8043,8021,8001,8000,8000
8000,8001,8042,8043,01f6,12ff,0edd,029c,05d4,05b2,0191,8043,8021,8021,8000,8000
8000,8001,8042,8043,0638,2696,2672,029d,0a57,1254,0218,8063,8042,8021,8000,8000
8000,8000,8042,8022,0191,0699,0a14,02be,05f4,1e77,014d,8064,8043,8001,8000,8000
8000,8000,8021,8042,8065,025a,02df,01d4,0218,1a57,8085,8084,8042,8000,8000,8000
8000,8000,8000,8022,8043,8064,010b,010b,012c,8065,8084,8043,8021,8000,8000,8000
8000,8000,8000,8001,8022,8042,8043,8064,8064,8063,8043,8021,8000,8000,8000,8000
8000,8000,8000,8000,8000,8021,8042,8000,8021,8000,8000,8000,8000,8000,8000,8000
8000,8000,8000,8000,8000,8021,054e,8464,8000,8021,8000,8000,8000,8000,8000,8000
8000,8000,8000,8000,8022,8021,154c,2277,8021,8000,8000,8000,8000,8000,8000,8000
8000,8000,8000,8000,8022,8063,8085,02df,0170,8000,8000,8000,8000,8000,8000,8000
8000,8000,8000,8001,8042,8084,8065,1e9a,1b3f,8485,8000,8000,8000,8000,8000,8000
8000,8000,8000,8021,8043,8063,80a6,3b3e,3b1c,8485,8000,8000,8000,8000,8000,8000
8000,8000,8000,8022,8064,8064,8085,05d4,04a8,8023,8042,8021,8000,8000,8000,8000
8000,8000,8021,8042,8485,1a35,016f,010c,02bc,26b9,112b,8022,8021,8000,8000,8000
8000,8000,8021,8022,116e,3f9e,09b1,0170,1f3f,47bf,16fe,8086,8000,8001,8000,8000
8000,8000,8042,8043,00ea,05f4,067b,027b,21f2,1a57,0a58,112a,8022,8021,8000,8000
8000,8000,8042,8042,016f,02de,1276,0abd,1edc,09b0,0258,00c8,8042,8021,8000,8000
8000,8000,8022,8022,010c,1299,2a51,0a59,027b,1a10,0657,80a7,8042,8022,8000,8000
8000,8000,8021,8021,8043,1e77,3b7f,0e9a,01f6,027c,012d,8064,8063,8021,8000,8000
8000,8000,8000,8022,8042,8064,0590,014e,016f,010c,8064,8064,8022,8000,8000,8000
8000,8000,8000,8000,8022,8042,8042,8065,8065,8064,8063,8042,8021,8000,8000,8000
8000,8000,8000,8000,8000,8000,8000,8000,8000,8000,8000,8000,8000,8000,8000,8000
8000,8000,8000,8000,8000,8000,016f,8065,8000,8000,8000,8000,8000,8000,8000,8000
8000,8000,8000,8000,8000,8043,02df,012d,8000,8021,8000,8000,8000,8000,8000,8000
8000,8000,8000,8000,8000,8065,1f1f,1ebb,8022,8000,8000,8000,8000,8000,8000,8000
8000,8000,8000,8000,8000,8043,3afb,3fbf,15b0,8000,8000,8000,8000,8000,8000,8000
8000,8000,8000,8001,8042,8043,1237,02ff,0ede,8064,8000,8000,8000,8000,8000,8000
8000,8000,8000,8021,8063,8064,0dd3,2b7f,0aff,8086,8000,8000,8000,8000,8000,8000
8000,8000,8000,8022,8063,8043,114c,3f3c,112b,8000,8000,8000,8000,8000,8000,8000
8000,8000,8001,8042,8064,092b,0087,0087,094c,154c,8042,8000,8000,8000,8000,8000
8000,8000,8022,8022,114c,43ff,0d90,01d3,33bf,3f9f,0591,8001,8021,8000,8000,8000
8000,8000,8021,8042,092c,2256,09f4,09d3,435f,173f,12de,8464,8021,8001,8000,8000
8000,8000,8042,8043,012d,029c,02bf,0237,11f3,05f5,2656,08a6,8043,8021,8000,8000
8000,8000,8042,8022,01d4,0abb,1e53,029d,025a,11d0,0216,0065,8043,8021,8000,8000
8000,8000,8022,8022,012e,0a79,1611,0e9c,1e78,1233,05f5,8085,8042,8021,8000,8000
8000,8000,8021,8021,8064,025a,02ff,0a59,1636,027c,00c9,8064,8043,8001,8000,8000
8000,8000,8000,8022,8043,8085,15b0,014d,0170,80c9,8065,8064,8022,8000,8000,8000
8000,8000,8000,8001,8022,8042,8043,8085,8064,8064,8064,8022,8001,8000,8000,8000
8000,8000,8000,8000,8000,8000,8000,8000,8000,8000,8000,8000,8000,8000,8000,8000
8000,8000,8000,8000,8000,8001,8000,8085,00a8,8000,8000,8000,8000,8000,8000,8000
8000,8000,8000,8000,8000,8021,8000,01b2,029c,8001,8000,8000,8000,8000,8000,8000
8000,8000,8000,8000,8001,8000,84a6,333e,2f7f,0d4d,8000,8000,8000,8000,8000,8000
8000,8000,8000,8000,8021,8001,156e,3b7f,3b9f,19f2,8000,8000,8000,8000,8000,8000
8000,8000,8000,8000,8021,8042,84e9,131f,0ebd,80a8,8000,8000,8000,8000,8000,8000
8000,8000,8000,8000,8021,8063,8064,2635,0d4d,8043,8021,8021,8000,8000,8000,8000
8000,8000,8000,8001,8042,8064,80a6,0043,8086,912b,8064,8021,8021,8000,8000,8000
8000,8000,8000,8021,8042,88e9,371c,04c8,1258,3fbf,0a9b,8085,8000,8001,8000,8000
8000,8000,8000,8021,8022,05b2,2655,2677,2234,2f5f,1b7f,2a56,8021,8021,8000,8000
8000,8000,8000,8042,8043,014f,1abb,233f,0638,05b2,1a35,1a15,8044,8000,8000,8000
8000,8000,8000,8042,8042,01f5,0aba,1654,02be,0a36,1e55,0170,8042,8021,8000,8000
8000,8000,8000,8022,8022,0170,0e78,1611,029e,09f3,0e56,012d,8064,8042,8000,8000
8000,8000,8000,8021,8021,8085,029c,02df,0217,0259,0217,8064,8063,8022,8000,8000
8000,8000,8000,8000,8022,8043,80a7,0191,116d,0d90,8086,8084,8043,8001,8000,8000
8000,8000,8000,8000,8001,8042,8042,8043,8085,8064,8063,8043,8021,8000,8000,8000
8000,8000,8000,8000,8000,8000,8000,8000,8000,8000,8000,8000,8000,8000,8000,8000
8000,8000,8000,8001,8000,8000,8000,8021,8021,8021,8000,8000,8000,8000,8000,8000
8000,8000,8001,8000,8000,8463,8086,8043,8021,00a7,00ea,10e8,8042,8000,8000,8000
8000,8000,8000,8001,0db1,437e,1eb9,00c9,00ea,01f5,2f9f,47bf,12dc,00a7,8000,8000
8000,8000,8021,0023,096f,196d,04eb,05f5,02ff,0db1,25d0,1e14,0abc,331c,8885,8000
8000,8021,8042,8022,8021,0171,1a95,26f7,0217,2f9f,2613,15ef,0d09,10c7,04c7,8000
8001,8021,8042,8021,014f,029a,1e10,2251,0615,06ff,0dd1,19ee,1212,00ea,8000,8022
8001,8022,8021,8021,01f6,171e,32b9,2eb9,0abd,02df,02bd,0239,027b,029c,8063,8021
8001,8022,8021,8042,0217,235f,439f,439f,173f,02df,0239,029c,02ff,02df,80a7,8042
8001,8022,8042,8021,01d3,071f,231f,1efe,016f,010b,01b2,02bd,06ff,027b,8063,8021
8000,8021,8042,8022,010c,02ff,02bf,02bf,029b,029c,02ff,16ff,379f,056f,8022,8042
8000,8021,8042,8042,8021,01d5,031f,02ff,02ff,02ff,02df,071f,0e15,8042,8063,8043
8000,8001,8022,8043,8064,8043,0190,027a,029d,029d,029c,0191,8043,8085,8064,8022
8000,8000,8021,8042,8064,8084,8043,0190,014e,0191,00a8,8043,80a5,8065,8043,8021
8000,8000,8001,8022,8064,8085,0086,06de,06ff,0b1f,012d,8064,8085,8043,8022,8001
8000,8000,8000,8000,8000,8000,8000,8000,8000,8000,8000,8000,8000,8000,8000,8000
8000,8000,8000,8000,8001,8021,8021,8021,8022,8021,8021,8021,8000,8000,8000,8000
8000,8000,8000,8000,8000,8000,8021,8021,8021,8000,8000,8000,8000,8001,8000,8000
8000,8000,8000,8000,8000,8043,8064,8021,8043,00a7,04c7,8442,8000,8000,8001,8000
8000,8000,8000,08c8,32da,171d,014e,0086,096f,02ff,275f,333c,00c9,8000,8000,8001
8001,8000,8000,0570,2233,114d,012e,02ff,01f5,0570,2eb8,22fe,02ff,00c9,8000,8021
8001,8022,8042,8000,00a8,09b1,1e96,0a36,02ff,0217,0d2a,0d4c,00ea,116e,8021,8000
8021,8042,8021,8043,0639,2274,2b16,15ce,029d,0259,2230,26b4,0065,0001,8021,8021
8021,8042,8021,010b,02dd,1e13,2612,09f3,02df,029b,0191,01b2,027a,00a7,8022,8042
8021,8042,8021,016f,031f,0aff,131f,031f,031f,02ff,02df,275f,0f3f,00ea,8021,8042
8021,8042,8021,014e,031f,02be,02df,027b,01f5,014f,05f5,335f,131f,010b,8042,8042
8021,8042,8042,00c8,02df,02df,02df,0216,014e,0217,02df,02df,02be,0086,8043,8043
8021,8022,8042,8022,0239,02ff,06df,02ff,02ff,02ff,02bf,031f,0170,8021,8063,8022
8001,8022,8043,8043,0086,029c,0b1f,06ff,0aff,131f,031f,01f5,8043,8063,8043,8022
8000,8021,8042,8063,8064,0085,01b1,0217,1a78,2e97,054e,8064,8085,8064,8043,8021
8000,8001,8022,8043,8063,8042,216c,156c,054d,110a,8022,8084,8064,8043,8022,8001
8000,8000,8000,8000,8000,8000,8000,8000,8000,8000,8000,8000,8000,8000,8000,8000
8000,8000,8000,8000,8000,8000,8000,8021,8022,8000,8000,8000,8001,8000,8000,8000
8000,8000,8000,8000,0086,158d,114d,0000,0065,1e35,2655,0191,0044,8000,8000,8001
8000,8000,8000,00c9,02df,271d,1dd1,0191,01b2,3697,2b9f,075f,2f3e,08a6,8000,8021
8000,8000,8021,0065,00a7,00ca,012d,027a,02de,0191,012c,0170,2eb7,2677,8022,8000
8001,8022,8042,8000,010c,0a36,3359,1e73,025b,02ff,11f0,2693,0064,0464,0043,8021
8021,8022,8042,8022,025b,0e14,1e73,15cf,0a7a,2afe,116c,1a32,09f4,00a7,8000,8043
8021,8042,8042,00a7,02df,029d,027d,025b,0adf,335f,0adf,027c,02de,01d3,8021,8021
8021,8042,8042,00c8,02df,0aff,1b1f,0b1f,02ff,029c,0216,02df,02ff,0216,8021,8042
8021,8022,8042,8065,02be,2f3f,437f,2ab9,012c,010b,0217,02df,02ff,01b2,8021,8042
8001,8022,8021,8021,0238,337f,435f,333e,027b,02df,02ff,02df,02df,0086,8043,8043
8001,8021,8042,8042,00a8,0eff,233f,0eff,02df,02df,02df,0b3f,014e,8022,8063,8043
8000,8021,8042,8063,8043,00ea,0259,02df,02ff,02df,02bd,0d6e,8042,8063,8043,8022
8000,8001,8022,8043,8084,8064,0087,014f,012e,016f,0086,8064,8084,8064,8043,8021
8000,8000,8021,8043,8084,8064,158f,2b3e,1abc,2afc,8085,8084,8065,8043,8022,8001
8000,8000,8001,8022,8063,8043,152a,4b9f,439f,2698,8064,8084,8064,8042,8021,8000
8000,8000,8000,8000,8000,8000,8000,8000,8000,8000,8000,8000,8000,8000,8000,8000
8000,8000,8000,8000,8000,8000,8000,8000,8000,8000,8000,8000,8000,8000,8000,8000
8000,8000,8000,8000,8000,8001,8021,8021,8022,8021,8021,8000,8000,8000,8000,8000
8000,8000,8000,8001,8000,8000,8000,8021,8021,8000,8000,8000,8021,8000,8000,8000
8000,8000,8001,8000,8000,8085,8086,8000,00a7,0d2c,1109,8021,8021,8021,8000,8000
8000,8000,8000,8021,2256,2b3d,0191,050b,05b3,3b9f,43df,0a37,8021,8000,8001,8000
8000,8000,8021,0043,0d2c,152b,198e,231d,0217,158f,1df2,0abb,15b1,8000,8000,8000
8000,8001,8042,8022,0066,0e15,2f37,1634,02df,0615,1e30,04a5,0885,8022,8000,8000
8000,8021,8021,8021,01d4,0658,1a53,0dd1,02bf,05d3,1e31,1214,0065,8021,8042,8000
8000,8021,8021,8042,025a,02df,029d,02be,02ff,02df,069d,0b1f,016f,8021,8042,8000
8000,8021,8021,8042,0239,02ff,02df,02bd,0238,01b3,029c,031f,0190,8021,8042,8000
8000,8021,8021,8021,01d4,02ff,0aff,0616,096f,0a59,02df,02ff,00ea,8042,8043,8000
8000,8001,8042,8042,00c9,02ff,02df,02df,275f,2b3f,02ff,0217,8042,8042,8022,8000
8000,8000,8022,8042,8042,0170,0f1f,02ff,06ff,071f,0259,0065,8064,8043,8022,8000
8000,8000,8021,8043,8063,8043,112b,0dd3,01d3,016f,8085,8085,8064,8022,8021,8000
8000,8000,8001,8022,8064,8064,0170,0259,0259,010b,8085,8085,8043,8021,8000,8000
8000,8000,8000,8021,8063,8043,116e,339f,235f,010a,8064,8064,8022,8001,8000,8000
8000,8000,8000,8000,8000,8000,8001,8001,8021,8021,8001,8000,8000,8000,8000,8000
8000,8000,8000,8000,8000,8000,8000,8042,8021,8000,8000,8000,8021,8000,8000,8000
8000,8000,8001,8000,8000,8000,8022,8042,8042,8063,8464,8000,8021,8021,8000,8000
8000,8000,8000,8022,0990,32f9,0db1,0023,014e,2f5e,3f5e,0a37,8043,8001,8021,8000
8000,8000,8000,00a7,0a37,21f2,012d,029b,01f5,25f2,1abb,071f,2adb,8042,8000,8000
8000,8021,8042,8021,0043,056f,1a74,0a56,02df,01f6,094b,112b,156d,00c9,8000,8000
8000,8021,8021,8021,01b3,1e97,2b16,1a10,029e,0238,2230,1a52,0065,8000,8022,8000
8000,8022,8021,8043,029c,169a,2a77,0e15,02bf,029c,01f6,0238,025a,8043,8043,8000
8000,8022,8021,8085,02be,02ff,06ff,031f,031f,02bf,0abd,2b5f,06df,8086,8042,8000
8000,8022,8021,8064,029c,02df,02df,0238,016f,012d,0679,233f,06bd,8064,8042,8000
8000,8021,8021,8021,0216,02ff,02df,027b,0217,02be,02df,02ff,01d4,8022,8042,8000
8000,8021,8042,8042,00a7,02df,0aff,0aff,02ff,02df,02ff,029c,0064,8063,8043,8000
8000,8001,8022,8063,8043,00ea,027a,02df,171f,2f3f,0258,0086,8064,8063,8042,8000
8000,8000,8021,8043,8063,8063,00c8,016f,0990,114d,8064,8086,8084,8043,8022,8000
8000,8000,8021,8042,8064,8043,1dd1,375e,2b3e,1215,8064,8084,8064,8022,8021,8000
8000,8000,8001,8022,8063,8043,0d0b,439f,439f,196d,8064,8084,8043,8021,8000,8000
8000,8000,8000,8000,8000,8000,8000,8000,8000,8000,8000,8000,8000,8000,8000,8000
8000,8000,8000,8000,8000,8000,8000,8000,8000,8000,8000,8000,8000,8000,8000,8000
8000,8000,8000,8000,8000,8000,8000,8001,8001,8001,8000,8000,8000,8000,8000,8000
8000,8000,8000,8000,8000,8021,8042,8043,8043,8043,8042,8042,8021,8001,8000,8000
8000,8000,8021,8463,8043,8021,8063,8085,80a5,8065,8064,8042,8042,8000,8021,8000
8000,8000,10e8,22ba,12fe,2612,84e9,00ea,0464,0d4c,016f,158f,08c7,8485,8021,8000
8000,8001,8001,0086,0e36,479f,1afd,012d,2a98,43bf,0b3f,173f,1df2,1e78,8463,8000
8000,8000,8021,8085,054d,21d0,08a6,05b2,1b3f,3697,1614,01d4,05b2,05b1,80a7,8000
8000,8001,8021,8042,8043,8064,8085,156e,01d3,0216,029c,16bc,1e32,0e34,010c,8000
8000,8000,8001,8022,8042,8042,8063,0021,067b,2f7f,1b1f,02be,027a,027a,80c8,8000
8000,8000,8000,8000,8000,8001,8042,8042,052c,3b9f,275f,029c,025a,01f5,8021,8000
8000,8000,8000,8000,8000,8000,8001,8021,8022,052c,0238,0259,010c,8001,8000,8001
8000,8000,8000,8000,8000,8000,8000,8001,8021,8021,8022,8022,8021,8000,8001,8000
8000,8000,8000,8000,8000,8000,8000,8000,8000,8021,8000,8000,8000,8000,8000,8000
8000,8000,8000,8000,8000,8000,8000,8000,8000,8000,8000,8000,8000,8000,8000,8000
8000,8000,8000,8000,8000,8000,8000,8000,8000,8000,8000,8000,8000,8000,8000,8000
8000,8000,8000,8000,8000,8000,8000,8000,8000,8000,8000,8000,8000,8000,8000,8000
8000,8000,8000,8000,8000,8000,8000,8000,8000,8000,8000,8000,8000,8000,8000,8000
8000,8000,8000,8000,8021,8021,8021,8021,8021,8001,8000,8000,8000,8000,8000,8000
8000,8000,8000,8000,8021,8042,8064,8084,8063,8042,8021,8021,8000,8000,8000,8000
8001,9109,158f,0db1,152b,8064,80a6,8085,8085,8064,8043,8021,8021,8000,8000,8000
8043,2655,339f,131f,477f,16bb,0087,21d0,1679,129b,2a12,11b0,8021,8000,8000,8000
8021,8000,092c,05f5,3b5e,19d1,01b3,3bbf,377f,0abc,1590,1279,0486,8000,8000,8000
8021,8021,8043,010b,0d2b,84a6,0e37,0df4,1e13,05d3,05f4,09d2,00ea,8000,8000,8000
8001,8022,8042,8042,8063,8064,0590,029c,02be,171f,1e54,0e34,012d,8000,8000,8000
8000,8001,8021,8022,8043,8021,010c,175f,1b1f,029d,029c,02be,80a7,8000,8000,8000
8000,8000,8000,8000,8001,8021,8043,2655,3b9f,02ff,0216,012d,8021,8000,8000,8000
8000,8000,8000,8000,8000,8021,8021,8043,892c,0190,00c8,8001,8000,8000,8000,8000
8000,8000,8000,8000,8000,8000,8021,8021,8021,8000,8021,8000,8000,8000,8000,8000
8000,8000,8000,8000,8000,8000,8000,8000,8021,8021,8021,8000,8000,8000,8000,8000
8000,8000,8000,8000,8000,8000,8000,8000,8000,8000,8000,8000,8000,8000,8000,8000
8000,8000,8000,8000,8000,8000,8000,8000,8000,8000,8000,8000,8000,8000,8000,8000
8000,8000,8000,8000,8000,8000,8000,8000,8000,8000,8000,8000,8000,8000,8000,8000
8000,8000,8000,8000,8000,8000,8000,8000,8000,8000,8000,8000,8000,8000,8000,8000
8000,8000,8000,8000,8000,8000,8000,8000,8000,8000,8000,8000,8000,8000,8000,8000
8000,8000,8000,8000,8000,8000,8000,8000,8000,8000,8000,8000,8000,8000,8000,8000
8000,8000,8000,8000,8001,8021,8021,8021,8022,8021,8021,8001,8000,8000,8000,8000
8000,8000,8000,8000,8000,8022,8021,8042,8064,8084,8063,8042,8021,8021,8000,8000
8000,8000,8000,8042,84c8,112b,09b1,0191,0086,8085,8085,8063,8021,8021,8021,8000
8000,0065,09f4,3b1c,233f,339f,1278,00ea,1df3,2676,0217,01f5,05b1,88e9,8000,8001
8000,8022,8086,25f1,2f7f,0dd2,8063,012d,235f,47bf,1f7f,0217,0df4,1e13,8001,8000
8000,8021,8021,8485,114c,80a6,80c7,1e99,0add,2298,2235,0191,09d2,016f,8043,8000
8000,8021,8042,8042,8022,8063,8085,19d0,05f4,0216,029b,1678,1a11,0216,8043,8000
8000,8000,8001,8022,8042,8043,8042,00a7,02ff,02ff,0aff,1edc,02bd,01d3,8021,8000
8000,8000,8000,8000,8000,8021,8021,8043,0dd2,337f,0b1f,0239,01f5,8086,8021,8001
8000,8000,8000,8000,8000,8000,8021,8042,8042,196c,09f4,0170,8043,8022,8021,8000
8000,8000,8000,8000,8000,8000,8000,8021,8021,8022,8021,8021,8021,8021,8000,8000
8000,8000,8000,8000,8000,8000,8000,8000,8001,8021,8021,8021,8001,8000,8000,8000
8000,8000,8000,8000,8000,8000,8000,8000,8000,8000,8000,8000,8000,8000,8000,8000
8000,8000,8000,8000,8000,8000,8000,8000,8000,8000,8000,8000,8000,8000,8000,8000
8000,8000,8000,8000,8000,8000,8000,8000,8000,8000,8000,8000,8000,8000,8000,8000
8000,8000,8000,8000,8000,8001,8021,8021,8021,8021,8001,8000,8000,8000,8000,8000
8000,8000,8000,8021,8042,8021,8022,8042,8063,8063,8042,8042,8021,8001,8000,8000
8000,8000,8022,8021,8042,8485,114c,810b,8085,8065,8064,8064,8042,8021,8001,8000
8000,8000,8021,8043,014d,333d,3f9f,01f4,012d,2634,1636,010b,8064,8042,8000,8000
8001,8022,84c8,2e55,2b7f,1f3f,112a,04c9,0eff,479f,2f9f,0217,2655,156d,8000,8021
8001,8042,0616,337f,3f5e,0570,8064,32b9,1f5f,2b3f,36fb,0570,15f3,15b0,8021,8000
8021,8021,8022,80c8,88e9,8085,84e9,36da,1a36,01b2,05b2,0a15,1e32,0190,8043,8000
8000,8021,8021,8021,8042,8063,0043,014e,02bc,02be,02ff,027b,0e34,01f5,8042,8000
8000,8000,8001,8021,8021,8043,8042,00c8,02ff,06ff,0ade,0a7a,02df,012d,8021,8021
8000,8000,8000,8000,8000,8001,8021,8043,012d,029c,0aff,1257,00c9,8043,8021,8001
8000,8000,8000,8000,8000,8000,8021,8042,8043,8086,80ea,8086,8043,8042,8021,8000
8000,8000,8000,8000,8000,8000,8000,8021,8042,8042,8042,8021,8021,8021,8000,8000
8000,8000,8000,8000,8000,8000,8000,8000,8000,8021,8021,8021,8001,8000,8000,8000
8000,8000,8000,8000,8000,8000,8000,8000,8000,8000,8000,8000,8000,8000,8000,8000
8000,8000,8000,8000,8000,8000,8000,8000,8000,8000,8000,8000,8000,8000,8000,8000
8000,8000,8000,8000,8000,8000,8000,8000,8000,8000,8000,8000,8000,8000,8000,8000
8000,8000,8000,8000,8021,8022,8042,8042,8043,8042,8022,8021,8001,8000,8000,8000
8000,8000,8001,8022,8063,8064,8043,8043,8085,8084,8084,8063,8042,8021,8000,8000
8000,8001,8042,8063,8064,88e8,2633,0e15,00c9,8085,80a6,8085,8043,8042,8021,8000
8001,8021,8021,8042,092c,0edd,3f9f,0db0,01b3,36fa,26fb,0170,116e,88c7,8021,8021
8021,8022,8085,1a13,3b7f,0f5f,054d,154c,0f1f,3f7f,43df,0e15,2698,2656,8000,8000
8021,8021,00a7,1257,435d,1e57,0065,435e,233f,0ebc,3296,11d1,096f,096e,8043,8021
8001,8000,8021,8021,8485,8064,8085,15d2,11d2,01b2,0238,0636,1e31,01f5,8064,8021
8000,8001,8022,8021,8021,8042,8042,010b,02df,02df,02ff,029d,029b,01d4,8022,8021
8000,8000,8000,8000,8001,8021,8021,8064,0239,071f,0aff,1258,0238,80c8,8042,8022
8000,8000,8000,8000,8000,8000,8022,8043,8085,0191,0a58,19f2,0044,8043,8042,8001
8000,8000,8000,8000,8000,8000,8001,8022,8042,8043,8063,8042,8063,8042,8001,8000
8000,8000,8000,8000,8000,8000,8000,8000,8022,8042,8042,8042,8022,8001,8000,8000
8000,8000,8000,8000,8000,8000,8000,8000,8000,8000,8001,8000,8000,8000,8000,8000
8000,8000,8000,8001,8022,8042,8042,8042,8042,8042,8021,8001,8000,8000,8000,8000
8000,8000,8021,8022,8063,8064,8485,08a6,8043,8064,8064,8022,8001,8000,8000,8000
8000,8021,8042,8064,8085,04a6,32d9,371b,2a76,8085,8063,8064,8022,8001,8000,8000
8001,8022,8043,8084,8064,0486,056f,0d4d,1a35,0086,8043,8084,8043,8021,8000,8000
8021,8042,8084,8064,010c,0eb9,196c,00a8,0237,0638,21f2,8464,8064,8042,8001,8000
8021,8043,8064,10e9,337f,0a79,0d6e,014e,073f,2f7f,4bdf,1257,8022,8021,8021,8000
8021,8063,8064,08c8,19b0,012d,0238,01f6,0d6e,3297,1e99,0ebb,154c,8021,8021,8001
8021,8043,8084,8064,0259,0e78,26b5,0658,025a,094b,116b,014e,08e8,0000,8042,8021
8021,8043,8063,00e9,02bf,1633,2693,09d2,231e,1e33,1e73,0259,012e,8022,8043,8021
8001,8042,8063,8085,029d,029c,025a,02be,1f5f,0abd,027c,02be,00e9,8043,8042,8021
8001,8022,8042,8042,0238,235f,2b3f,029c,01f6,0191,02ff,027b,8043,8042,8042,8001
8000,8022,8063,8043,04a7,3b5d,437f,11d1,0192,02bd,02bd,0086,8042,8042,8022,8001
8000,8021,8043,8043,00c8,0d0b,2676,0add,02be,0216,0085,8021,8042,8022,8021,8000
8000,8021,8021,8021,0044,8022,8001,8022,8021,8000,8000,8021,8022,8021,8000,8000
8000,8000,8021,8022,8021,8021,8021,8000,8000,8000,8000,8001,8000,8000,8000,8000
8000,8000,8001,8021,8021,8021,8021,8001,8000,8000,8000,8000,8000,8000,8000,8000
8000,8000,8000,8001,8021,8042,8021,8021,8042,8022,8021,8000,8000,8000,8000,8000
8000,8000,8001,8022,8043,8064,8043,8043,8043,8063,8042,8021,8000,8000,8000,8000
8000,8001,8022,8064,8085,8086,0a58,0a79,0d4d,8085,8084,8042,8021,8000,8000,8000
8000,8021,8043,8084,8085,0ca7,2213,25f2,3277,8042,8085,8063,8022,8001,8000,8000
8001,8022,8084,8065,04c9,05d2,00c8,00c9,11f3,2a12,08e9,8043,8042,8021,8000,8000
8021,8043,8064,04c7,3f7f,12fd,00ea,05d3,33df,47bf,131f,08ea,8022,8042,8001,8000
8021,8063,8063,00ea,1e12,1d6d,32b8,15d1,2e34,1edc,1afe,3afa,8064,8042,8021,8000
8021,8043,8084,8063,0217,2297,26b5,069b,01b4,0d4b,0d6d,0d6f,0063,8021,8000,8000
8021,8043,8063,00c8,02be,1633,2692,0637,029d,1e10,1e32,025a,8064,8043,8022,8000
8001,8042,8063,80a7,02be,025a,0238,02be,02df,027b,0e9b,027b,8064,8021,8022,8000
8001,8022,8042,8043,027b,031f,02df,02de,0217,01f6,033f,01d4,8022,8042,8021,8000
8000,8022,8063,8043,00ea,031f,0abd,0170,0d90,02dd,027b,0043,8063,8043,8021,8000
8000,8021,8042,8043,00a7,012d,027a,06df,377f,0a15,0044,8022,8042,8022,8001,8000
8000,8001,8021,8022,0065,8022,8042,0085,0464,8000,8021,8021,8021,8021,8000,8000
8000,8000,8021,8022,8021,8000,8021,8000,8000,8000,8021,8001,8000,8000,8000,8000
8000,8000,8001,8000,8021,8021,8021,8001,8000,8000,8000,8000,8000,8000,8000,8000
8000,8000,8000,8400,8400,8400,8800,8800,8800,8800,8400,8400,8400,8400,8000,8000
8000,8000,8400,8400,8800,8800,8800,8800,8400,8400,8800,8800,8400,8400,8400,8000
8000,8400,8400,8800,8800,8800,8800,9000,ac00,8400,8800,8400,8800,8400,8400,8000
8000,8400,8800,8800,8800,8800,0000,2400,5800,0c00,8400,8400,8800,8800,8400,8400
8400,8400,8800,8c00,8400,8800,0000,3c00,6400,1800,8400,8c00,8c00,8800,8400,8400
8400,8400,8800,8c00,9000,0400,0400,4c00,6400,1c00,8400,8c00,8c00,8800,8800,8400
8400,8800,8800,8800,8c00,0000,0000,3c00,6400,1c00,8800,8c00,9000,8c00,8800,8400
8400,8800,8800,8800,8800,0000,0c00,2000,5400,0c00,8c00,8c00,9000,8c00,8800,8400
8400,8800,8c00,8800,8c00,0000,4000,5800,3000,0000,9000,8c00,9000,8c00,8800,8400
8400,8400,8800,8800,8800,0400,5c00,7400,3c00,1000,0400,9000,8c00,8c00,8800,8400
8400,8400,8800,8800,8400,1800,6c00,5800,2400,1c00,0000,8c00,8c00,8c00,8800,8400
8400,8400,8800,8800,8000,2400,7400,4800,0400,0400,8800,9000,8c00,8800,8400,8400
8000,8400,8800,8400,8000,1800,6400,2400,0000,8400,9000,8c00,8c00,8800,8400,8400
8000,8400,8400,8400,8400,0400,1800,0400,8400,8400,9000,8c00,8800,8800,8400,8400
8000,8400,8400,8800,8400,8800,8000,8400,8c00,8c00,8c00,8800,8800,8400,8400,8000
8000,8000,8400,8400,8800,8400,8000,8400,8c00,8c00,8800,8800,8400,8400,8400,8000
8000,8000,8000,8000,8400,8400,8400,8400,8400,8400,8400,8400,8000,8000,8000,8000
8000,8000,8000,8400,8400,8400,8000,8000,8000,8400,8800,8400,8400,8000,8000,8000
8000,8000,8400,8400,8400,8400,8c00,bc00,9800,8400,8400,8800,8400,8400,8000,8000
8000,8400,8400,8800,8400,8000,1400,6c00,2800,8000,8400,8800,8400,8400,8000,8000
8000,8400,8400,8800,8800,0400,0c00,6000,4800,0400,8800,8800,8800,8400,8400,8000
8000,8400,8800,8400,8000,1c00,2400,3800,6c00,1000,8400,8400,8800,8400,8400,8000
8000,8400,8400,8800,0400,4400,3400,2c00,7400,2400,8000,8400,8800,8800,8400,8000
8000,8400,8400,8000,0000,1400,4000,4800,4400,3c00,8000,8400,8c00,8800,8400,8000
8000,8000,8400,1000,2800,1400,4c00,5800,0400,0c00,8400,8400,8c00,8800,8400,8000
8000,8000,8000,3400,7c00,7400,7000,4000,2800,0800,8c00,8c00,8800,8800,8400,8000
8000,8000,8000,0c00,3800,4c00,4400,2400,5c00,1400,8400,8400,8800,8400,8400,8000
8000,8000,8400,8000,0000,0000,0000,0000,5000,3c00,8000,8400,8800,8400,8400,8000
8000,8400,8400,8000,8800,8400,8800,0000,2000,4000,0000,8800,8400,8400,8000,8000
8000,8000,8400,8800,8800,8400,8000,8800,0000,0400,8400,8800,8400,8400,8000,8000
8000,8000,8400,8400,8800,8800,8c00,8800,8400,8000,8400,8000,8400,8400,8000,8000
8000,8000,8000,8400,8400,8400,8800,8800,8400,8000,8000,8400,8400,8000,8000,8000
8000,8000,8000,8400,8400,8400,8000,8000,8400,8000,8000,8400,8400,8400,8000,8000
8000,8000,8000,8400,8400,8400,8400,8800,8c00,8000,8000,8000,8400,8400,8000,8000
8000,8000,8400,8400,8400,8800,0000,2800,6800,1800,0000,8800,8400,8400,8400,8000
8000,8000,8400,8800,8000,8400,0400,2400,5c00,5000,0000,8400,8000,8800,8400,8000
8000,8400,8400,8800,8400,0400,1800,0400,4c00,6800,0c00,8000,8800,8800,8400,8400
8000,8400,8400,8800,8800,0800,4000,1c00,5800,7000,2c00,0000,8c00,8800,8800,8400
8000,8400,8400,8400,8800,0400,2c00,6c00,3c00,6800,3800,0000,8c00,8800,8800,8400
8000,8400,8000,8400,8400,0000,1400,7800,3000,1000,0800,8800,8800,8800,8800,8400
8000,8000,8400,0000,0800,2400,4400,6000,2800,0400,0000,8c00,8800,8800,8800,8400
8000,8000,8000,1000,6000,6c00,7000,3400,3c00,4000,0000,8800,8400,8800,8400,8400
8000,8000,8000,1000,4c00,3800,3800,1400,3c00,5000,0000,8000,8000,8800,8400,8400
8000,8000,8000,8000,0000,0000,8000,0000,4000,4000,0000,8000,8000,8800,8400,8000
8000,8000,8000,8400,8400,8400,8400,8400,0c00,0c00,0000,8400,8400,8400,8400,8000
8000,8000,8000,8000,8000,8400,8400,8800,8000,8000,8400,8400,8400,8400,8000,8000
8000,8000,8000,8000,8400,8400,8400,8400,8000,8000,8400,8400,8400,8400,8000,8000
8000,8000,8000,8000,8000,8000,8000,8000,8000,8000,8000,8000,8000,8000,8000,8000
8000,8000,8400,8400,8800,8800,8800,8800,8800,8800,8800,8800,8400,8400,8400,8000
8000,8400,8400,8800,8800,8c00,8c00,8800,8c00,8800,8800,8c00,8800,8800,8400,8400
8400,8400,8800,8800,8c00,8800,8400,2000,c400,a400,8800,8c00,8c00,8800,8400,8400
8400,8400,8800,8c00,8c00,9000,0000,4000,6c00,0c00,0400,9000,8c00,8c00,8800,8400
8400,8800,8800,8c00,8c00,8c00,0800,5800,5400,0400,0000,9000,8c00,8c00,8800,8400
8400,8800,8c00,9000,9000,8400,2800,7000,3000,1800,0000,9400,9000,9000,8c00,8800
8400,8800,8c00,9000,8c00,8000,3000,7800,2000,0800,0000,9000,9000,9000,8c00,8800
8400,8800,8c00,8c00,8c00,0000,1000,2c00,3c00,0800,0000,9400,9000,9000,8c00,8800
8400,8800,8800,8800,0400,0800,0000,2800,6000,0800,8800,9800,9400,9000,8c00,8800
8400,8800,8800,8000,1800,7000,5000,5000,6400,0800,9000,9000,9400,9000,8c00,8800
8400,8800,8800,8800,0400,3c00,3800,4000,6000,1000,8800,9000,9400,9000,8c00,8800
8400,8800,8800,8c00,8800,8000,0000,2800,6400,2400,8400,8c00,9000,8c00,8800,8400
8400,8400,8800,8c00,8c00,8c00,8400,1400,6000,2c00,8000,8800,9000,8c00,8800,8400
8000,8400,8800,8c00,8c00,8c00,8c00,0000,1c00,0c00,8400,8800,8c00,8800,8800,8400
8000,8400,8400,8800,8c00,8c00,8c00,8800,8000,8400,8c00,8c00,8c00,8800,8400,8400
8000,8000,8400,8400,8800,8800,8c00,8800,8000,8400,8800,8800,8800,8400,8400,8000
8000,8000,8000,8000,8000,8000,8000,8000,8000,8000,8000,8000,8000,8000,8000,8000
8000,8000,8400,8400,8400,8400,8000,8000,8000,8000,8000,8400,8400,8400,8000,8000
8400,8400,8800,8800,0000,0000,8000,8000,8000,8000,8000,8800,8800,8800,8400,8000
8400,8c00,8800,8800,1000,5000,4800,3c00,4000,5000,2400,8400,8800,8c00,8800,8400
8800,9000,9000,0000,3000,7400,6c00,6800,6800,6c00,4400,0000,9400,9000,8c00,8400
8800,9000,9020,0800,3c00,3800,6400,6400,6800,3000,3800,2400,8400,9000,8c00,8800
8c00,8c00,8800,2800,2c00,1800,6800,6400,6800,3c00,0800,4400,0800,9000,8c00,8800
8800,8800,8000,1c00,0c00,2400,6800,6800,6c00,4800,0000,2000,0c00,9000,8c00,8800
8800,8c00,9000,8c00,0400,2400,6800,3400,5400,4c00,0800,9020,9000,9400,8c00,8400
8400,8c00,9000,9020,9020,2400,6000,0400,3c00,4800,0800,9020,9400,9000,8800,8400
8400,8800,8c00,9000,8c00,2400,5c00,0800,2c00,4000,0400,9420,9000,8c00,8400,8000
8000,8400,8800,8c00,8c00,0c00,2000,0400,0c00,1800,8400,8c00,8c00,8800,8400,8000
8000,8000,8400,8c00,9000,8c00,8800,9400,9000,8800,9000,8c00,8800,8400,8000,8000
8000,8000,8400,8800,8800,8800,8c00,9000,8c00,8c00,8c00,8800,8400,8000,8000,8000
8000,8000,8000,8400,8400,8800,8800,8c00,8800,8800,8800,8400,8000,8000,8000,8000
8000,8000,8000,8000,8000,8000,8000,8000,8000,8000,8000,8000,8000,8000,8000,8000
8000,8000,8000,8000,8000,8000,8000,8000,8000,8000,8000,8000,8000,8000,8000,8000
8000,8000,8000,8000,8000,8000,8000,8400,8400,8000,8000,8000,8000,8000,8000,8000
8000,8000,8000,8000,8400,8000,8000,1420,8c00,8000,8000,8000,8000,8000,8000,8000
8000,8000,8000,8400,8c00,8400,9000,0000,8400,8400,8400,8000,8000,8000,8000,8000
8000,8000,8000,8800,9000,1420,9000,3060,a040,8400,8400,8000,8000,8000,8000,8000
8000,8000,8000,9400,9820,3c60,3c80,5880,60a0,0800,8800,8000,8000,8000,8000,8000
8000,8000,8800,8800,8c00,6460,6880,7400,7420,2860,2020,8000,8000,8000,8000,8000
8000,8400,8c00,0c00,3840,7c00,7c00,7c00,7800,6860,3040,8000,8000,8000,8000,8000
8000,8400,8c00,3860,7c80,7c00,7c00,7c00,7c00,7c00,3420,8000,8000,8000,8000,8000
8000,8000,8000,4440,7c00,7c00,7c00,7c00,7c00,7c00,5020,8000,8000,8000,8000,8000
8000,8000,8000,4820,7c00,7c00,7c00,7c00,7c00,7c00,5020,8000,8000,8000,8000,8000
8000,8000,8000,3020,7800,5940,64a0,6820,60c0,7c00,3400,8000,8000,8000,8000,8000
8000,8000,8000,8400,4c00,5d60,68a0,6c20,6520,6800,8800,8000,8000,8000,8000,8000
8000,8000,8000,8000,8800,4400,3800,3c00,4c00,8c00,8000,8000,8000,8000,8000,8000
8000,8000,8000,8000,8000,8000,8000,8000,8000,8000,8000,8000,8000,8000,8000,8000
8000,8000,8000,8000,8000,8000,8000,8000,8000,8000,8000,8000,8000,8000,8000,8000
8000,8000,8000,8000,8000,8000,8000,8000,8000,8000,8000,8000,8000,8000,8000,8000
8000,8000,8000,8000,8000,8000,8000,8000,0800,8000,8000,8000,8000,8000,8000,8000
8000,8000,8000,8000,8000,8400,8400,8400,2020,8400,8000,8000,8000,8000,8000,8000
8000,8000,8000,8000,8000,8c00,9000,9000,1c20,9820,8400,8400,8000,8000,8000,8000
8000,8000,8000,8000,8c00,9000,9c20,0800,a440,5ca0,0800,8800,8000,8000,8000,8000
8000,8000,8000,8000,8800,9820,0800,2840,2440,7cc0,3c60,8400,8400,8000,8000,8000
8000,8000,8000,8000,8400,8800,4c80,60c0,4040,7c00,6440,2c60,8400,8000,8000,8000
8000,8000,8000,8400,9420,2440,7c80,7820,7400,7c00,7c00,6460,8800,8000,8000,8000
8000,8000,8000,8800,2840,6c80,7c00,7c00,7c00,7c00,7c00,6c20,8820,8000,8000,8000
8000,8000,8000,8000,2820,7c00,7c00,7c00,7c00,7c00,7c00,6c20,8800,8000,8000,8000
8000,8000,8000,8000,2420,7c00,7800,7c00,7c00,7c00,7c00,6c00,8400,8000,8000,8000
8000,8000,8000,8000,8820,6c00,6140,59a0,6800,5140,7440,5400,8000,8000,8000,8000
8000,8000,8000,8000,8000,2000,6480,60a0,7400,6480,6400,9400,8000,8000,8000,8000
8000,8000,8000,8000,8000,8000,9800,3000,1800,3400,9000,8000,8000,8000,8000,8000
8000,8000,8000,8000,8000,8000,8000,8000,8000,8000,8000,8000,8000,8000,8000,8000
8000,8000,8000,8000,8000,8000,8000,8000,8000,8000,8000,8000,8000,8000,8000,8000
8000,8000,8000,8000,8000,8000,8000,8000,8000,8000,8000,8000,8000,8000,8000,8000
8000,8000,8000,8000,8000,8000,8000,8000,8000,8000,8000,8000,8000,8000,8000,8000
8000,8000,8000,8000,8000,8000,0800,8000,8400,8000,8000,8000,8000,8000,8000,8000
8000,8000,8000,8000,8000,8800,2040,8400,9420,2040,8000,8000,8000,8000,8000,8000
8000,8000,8000,8000,8000,8c00,0800,9c20,9c20,4c80,9020,8800,8400,8000,8000,8000
8000,8000,8000,8000,8000,9000,9420,2020,9c20,60a0,2840,0400,8400,8000,8000,8000
8000,8000,8000,8000,9420,1020,3460,4480,1400,7cc0,3460,0000,8c00,8000,8000,8000
8000,8000,8000,8400,2440,3c60,5080,7460,5c00,7c00,2c20,0000,9000,8000,8000,8000
8000,8000,8000,8800,2820,70a0,7420,7c00,7c00,7c00,5840,4460,8800,8000,8000,8000
8000,8000,8000,8400,3440,7c40,7c00,7c00,7c00,7c00,7c00,7820,9000,8000,8000,8000
8000,8000,8000,8000,3440,7c00,7c00,7c00,7c00,7c00,7c00,7c00,1400,8000,8000,8000
8000,8000,8000,8000,2420,7c00,7c00,7c00,7c00,7c00,7c00,7c00,1400,8000,8000,8000
8000,8000,8000,8000,8820,7420,64e0,5980,7000,5cc0,6c60,7800,8c00,8000,8000,8000
8000,8000,8000,8000,8000,3420,6d00,5560,7800,5d00,7480,3c00,8000,8000,8000,8000
8000,8000,8000,8000,8000,8000,3400,4c00,3800,5400,3c00,8000,8000,8000,8000,8000
8000,8000,8000,8000,8000,8000,8000,8400,8000,8000,8000,8000,8000,8000,8000,8000
8000,8000,8000,8000,8000,8000,8000,8000,8000,8000,8000,8000,8000,8000,8000,8000
8000,8000,8000,8000,8400,8800,8400,8400,8000,8000,8000,8000,8000,8000,8000,8000
8000,8000,8000,8000,8800,8400,9020,9000,0c00,8800,8400,8400,8000,8000,8000,8000
8000,8000,8000,8400,9000,1c20,9c20,9c20,5080,9c20,9000,8c00,8000,8000,8000,8000
8000,8000,8400,9000,9000,54a0,4480,0c00,74e0,3860,8400,8c00,8000,8000,8000,8000
8000,8000,8800,0000,9420,74e0,58a0,1800,7c80,4460,0c20,9420,8000,8000,8000,8000
8000,8000,8800,1c20,2440,7c60,6040,5000,7c00,4440,4860,2420,8400,8000,8000,8000
8000,8000,8800,4480,5460,7c00,7c00,7c00,7c00,7020,7c20,3000,8000,8000,8000,8000
8000,8000,8400,5020,7c20,7c00,7c00,7c00,7c00,7c00,7c00,4400,8000,8000,8000,8000
8000,8000,8000,5000,7c00,7c00,7c00,7c00,7c00,7c00,7c00,4c20,8000,8000,8000,8000
8000,8000,8000,3c20,7c00,7c00,7c00,7c00,7c00,7c00,7c00,4820,8000,8000,8000,8000
8000,8000,8000,1c20,7800,5900,59a0,6c00,5cc0,64c0,7c00,2820,8000,8000,8000,8000
8000,8000,8000,8000,4400,6100,5560,7800,58e0,6ce0,6000,8400,8000,8000,8000,8000
8000,8000,8000,8000,8400,4800,5400,4400,6000,5800,8800,8000,8000,8000,8000,8000
8000,8000,8000,8000,8000,8000,8c00,8000,8000,8000,8000,8000,8000,8000,8000,8000
8000,8000,8000,8000,8000,8000,8000,8000,8000,8000,8000,8000,8000,8000,8000,8000
8000,8000,8000,8000,8000,8000,8000,8000,8000,8000,8000,8000,8000,8000,8000,8000
8000,8000,8000,8000,8000,8000,8000,8400,8000,8000,8000,8000,8000,8000,8000,8000
8000,8000,8000,8000,8400,0c00,9000,8c00,8400,8800,8400,8000,8000,8000,8000,8000
8000,8000,8000,8400,8400,4c80,2c40,9420,1000,9000,9000,8400,8000,8000,8000,8000
8000,8000,8400,8c00,9000,70e0,58a0,8c00,4c80,2840,8c00,0000,8000,8000,8000,8000
8000,8000,8800,8400,2040,7c80,6c80,0820,70c0,4c60,0c00,1820,8400,8000,8000,8000
8000,8000,9000,0c00,2020,7c00,7040,4460,7c00,5800,3860,3440,8000,8000,8000,8000
8000,8400,8c00,3c80,5480,7c00,7c00,7c20,7c00,7020,7820,3c20,8000,8000,8000,8000
8000,8000,8400,5420,7ca0,7c00,7c00,7c00,7c00,7c00,7c00,4420,8000,8000,8000,8000
8000,8000,8000,5000,7c00,7c00,7c00,7c00,7c00,7c00,7c00,4c20,8000,8000,8000,8000
8000,8000,8000,4c20,7c00,7c00,7c00,7c00,7c00,7c00,7c00,4820,8000,8000,8000,8000
8000,8000,8000,2820,7800,5d40,59a0,6c00,5cc0,5ca0,7c00,2c00,8000,8000,8000,8000
8000,8000,8000,8000,4800,6920,5940,7800,60e0,64a0,6000,8400,8000,8000,8000,8000
8000,8000,8000,8000,8000,4400,4c00,3c00,5400,5400,8800,8000,8000,8000,8000,8000
8000,8000,8000,8000,8000,8000,8800,8000,8000,8000,8000,8000,8000,8000,8000,8000
8000,8000,8000,8000,8000,8000,8000,8000,8000,8000,8000,8000,8000,8000,8000,8000
8000,8000,8000,8000,8000,8000,8000,8000,8000,8000,8000,8000,8000,8000,8000,8000
8000,8000,8400,8800,8400,8c00,8800,8400,8400,8400,8800,8400,8400,8000,8000,8000
8000,8400,8800,8800,8400,1460,1c60,3c40,3060,8c20,8800,8800,8400,8000,8000,8000
8000,8400,8400,8c00,3c60,5e20,5580,7880,5da0,4d00,2820,8400,8800,8400,8000,8000
8400,8400,8400,3c60,7ce0,6480,5880,68a0,6ca0,7cc0,78a0,1800,8800,8800,8000,8000
8400,8400,8800,68a0,7cc0,74c0,5880,4460,68a0,7cc0,7ce0,4460,8000,8400,8000,8000
8800,8800,9000,70a0,7cc0,7cc0,7cc0,7cc0,7cc0,7cc0,7ce0,5ca0,8400,8000,8000,8000
8400,8400,8800,6460,7ce0,7cc0,7cc0,7cc0,7cc0,7cc0,7ce0,68a0,8800,8000,8000,8000
8400,8000,8000,60a0,7cc0,7ce0,7ce0,7cc0,7ce0,7ce0,5480,4040,8400,8000,8000,8000
8400,8000,8000,4c80,7c60,7d00,7900,4c80,7d00,74c0,1800,2800,8400,8000,8000,8000
8000,8000,8000,1c00,3800,7ce0,60a0,3420,7cc0,2400,8000,0400,8400,8000,8000,8000
8000,8000,8000,8000,0000,6c80,4040,2c00,3820,8000,8400,8c00,8800,8000,8000,8000
8000,8000,8000,8000,8000,2c00,3800,8000,8000,8000,8000,9c00,8800,8000,8000,8000
8000,8000,8000,8000,8000,8000,1800,8000,8000,8000,8000,8000,8000,8000,8000,8000
8000,8000,8000,8000,8000,8000,1000,8800,8000,8000,8000,8000,8000,8000,8000,8000
8000,8000,8000,8000,8000,8000,8000,8000,8000,8000,8000,8000,8000,8000,8000,8000
8000,8000,8000,8400,8800,8800,8400,8400,8400,8400,8800,8400,8400,8000,8000,8000
8000,8000,8400,8800,8800,8c00,8800,8800,8800,8800,8800,8800,8800,8400,8000,8000
8000,8400,8800,8800,8400,1060,2900,3c60,58a0,2ca0,0800,8800,8800,8400,8000,8000
8000,8400,8400,8800,2c20,5d60,5e40,60a0,70e0,51e0,5480,1c00,8800,8800,8400,8000
8000,8800,8800,1820,7cc0,78a0,5460,6ca0,78a0,7080,7cc0,6440,8800,8400,8400,8000
8000,8400,8400,4020,7cc0,7cc0,60a0,3c60,4060,78c0,7cc0,7cc0,2420,8400,8400,8000
8000,8400,8400,5420,7cc0,7cc0,7cc0,7cc0,7cc0,7cc0,7cc0,7ce0,3c40,8000,8000,8000
8000,8400,8400,5040,7d00,7cc0,7cc0,7cc0,7cc0,7cc0,7cc0,7d20,5480,8400,8000,8000
8000,8800,8400,2840,7d20,7ce0,7cc0,7cc0,7cc0,7ce0,7cc0,7d20,4c80,8000,8000,8000
8000,8800,8400,8800,4c80,5480,7ce0,7ce0,7cc0,7d20,7cc0,7ca0,4c80,8000,8000,8000
8000,8400,8400,8800,0000,2c00,7d00,70e0,5480,7d00,6860,5c20,3c40,8000,8000,8000
8000,8400,8400,8400,8000,3000,7d00,58a0,0000,7080,2800,1c00,2c00,8000,8400,8000
8000,8000,8000,8800,0400,3000,7ce0,2840,8000,3400,9000,8000,1400,8000,8000,8000
8000,8000,8000,8000,8000,a400,6860,8000,8000,8000,8000,8000,8400,8000,8000,8000
8000,8000,8000,8000,8000,8400,5400,8c00,8000,8000,8800,8000,8000,8000,8000,8000
8000,8000,8000,8000,8000,8000,2c00,9c00,8000,8000,9c00,8000,8000,8000,8000,8000
8000,8000,8000,8000,8000,8400,8400,8400,8400,8400,8400,8000,8000,8000,8000,8000
8000,8000,8000,8000,8400,8800,8400,8800,8800,8400,8400,8800,8400,8000,8000,8000
8000,8000,8000,8400,8800,8c00,8400,8c00,1c20,9c00,8800,8800,8800,8400,8000,8000
8000,8000,8000,8800,8c00,8c00,3d60,45c0,6480,5960,2cc0,9000,8c00,8800,8000,8000
8000,8000,8400,8400,8c00,6480,6d00,54c0,7cc0,64e0,70e0,6080,8800,8400,8000,8000
8000,8000,8400,8400,2c00,7cc0,78a0,5460,4460,6480,7cc0,7cc0,2c20,8400,8000,8000
8000,8000,8400,8400,4420,7cc0,7cc0,7cc0,74c0,78c0,7cc0,7ce0,4480,8000,8000,8000
8000,8000,8400,8400,4040,7d00,7cc0,7cc0,7cc0,7cc0,7cc0,7d00,5cc0,8400,8000,8000
8000,8000,8400,8400,2440,7d00,78c0,7cc0,7cc0,7cc0,7cc0,74a0,5480,8400,8000,8000
8000,8000,8400,8000,9c20,5080,4880,7d00,78a0,78e0,7d20,4440,2c20,8000,8000,8000
8000,8000,8400,8000,8c00,1000,3c80,7d40,3c40,5480,7ce0,1c00,1000,8400,8000,8000
8000,8000,8000,8000,8400,8000,4060,7d00,0800,5c20,5860,8000,8800,8000,8000,8000
8000,8000,8000,8000,8400,8000,2820,6080,8000,3800,3020,8000,8000,8000,8000,8000
8000,8000,8000,8000,8000,8000,8c00,2c20,8000,8400,0c00,8000,8000,8000,8000,8000
8000,8000,8000,8000,8000,8000,8000,0000,8000,8000,8000,8000,8000,8000,8000,8000
8000,8000,8000,8000,8000,8000,8000,8000,8000,8000,8000,8000,8000,8000,8000,8000
8000,8000,8400,8800,8400,8c00,8800,8400,8400,8800,8800,8400,8000,8000,8000,8000
8000,8400,8800,8800,8400,1460,2060,4060,3060,8820,8800,8800,8400,8000,8000,8000
8000,8400,8400,8c00,3860,5e20,5580,7480,59a0,4ce0,2000,8800,8800,8400,8000,8000
8000,8400,8400,3440,7ce0,6480,5880,70a0,6ca0,7cc0,70a0,9000,8400,8400,8000,8000
8000,8400,8800,6060,7cc0,74c0,5480,4060,6ca0,7cc0,7cc0,3420,8000,8400,8000,8000
8000,8400,8c00,6ca0,7cc0,7cc0,7cc0,7cc0,7cc0,7cc0,7ce0,5060,8400,8000,8000,8000
8000,8400,8800,60c0,7d00,7cc0,7cc0,7cc0,7cc0,7cc0,7d00,5460,8400,8000,8000,8000
8000,8000,8000,54c0,7d00,7cc0,7cc0,7cc0,7cc0,7cc0,7ca0,3840,8000,8000,8000,8000
8000,8000,8000,4c80,7ca0,7d00,7d20,7cc0,7ce0,78e0,3400,2800,8400,8400,8000,8000
8000,8000,8000,3020,3c20,78e0,7d20,7ca0,7d00,3860,8000,8400,8400,8000,8000,8000
8000,8000,8000,1c00,1000,64a0,7ce0,5820,70a0,8800,8000,8400,8000,8000,8000,8000
8000,8000,8000,8000,8000,2c20,6820,0800,4420,8800,8000,8000,8000,8000,8000,8000
8000,8000,8000,8000,8000,8000,0c00,8000,8000,8000,8000,8000,8000,8000,8000,8000
8000,8000,8000,8000,8000,8000,0000,8000,8000,8000,8000,8000,8000,8000,8000,8000
8000,8000,8000,8000,8000,8400,3000,8000,8000,8000,8000,8000,8000,8000,8000,8000
8000,8000,8000,8000,8000,8000,8400,8000,8000,8000,8000,8000,8000,8000,8000,8000
8000,8000,8400,8800,8800,8820,8c00,8800,8800,8400,8800,8400,8400,8000,8000,8000
8000,8400,8800,8800,8800,8400,9400,9820,9800,8c00,8800,8800,8400,8400,8000,8000
8400,8800,8800,8400,20a0,4e20,48e0,6c80,5580,24a0,8800,8c00,8800,8400,8000,8000
8400,8400,8400,4040,6900,5580,60c0,7cc0,4d20,64e0,5460,8400,8800,8800,8000,8000
8800,8800,1c00,7ca0,7cc0,5c60,5c80,64a0,74a0,7cc0,7cc0,3020,8400,8400,8000,8000
8400,8400,3c00,7ca0,7cc0,70c0,5480,4c80,68a0,7cc0,7ce0,5c80,8000,8400,8400,8000
8400,8400,4800,7ca0,7cc0,7cc0,7cc0,7cc0,7cc0,7cc0,7d00,6cc0,8c00,8400,8400,8000
8400,8400,4020,7cc0,7cc0,7cc0,7cc0,7cc0,7cc0,7cc0,7ce0,74a0,9400,8400,8400,8000
8800,8400,2c20,7d20,7d00,7cc0,7cc0,7cc0,7cc0,7cc0,74c0,6880,8400,8000,8400,8000
8800,8400,1c20,6cc0,6480,7d00,7d00,7cc0,7d00,7900,2820,4820,8400,8000,8400,8000
8400,8000,8c00,2020,3400,7ce0,7900,5880,7900,7d00,1000,1000,8800,8000,8000,8000
8400,8000,8000,8000,a000,7ca0,5c80,0400,74c0,78e0,1000,0000,8400,8000,8000,8000
8000,8000,8000,8000,8400,6c80,4040,0000,7060,64a0,8000,8000,8400,8000,8000,8000
8000,8000,8000,8000,8000,2c20,1800,8000,4820,5c40,8000,8000,8000,8000,8000,8000
8000,8000,8000,8000,8000,8000,8000,8000,1400,2c00,8000,8000,8000,8000,8000,8000
8000,8000,8000,8000,8000,8000,8000,8000,8000,0000,8000,8000,8000,8000,8000,8000
8000,8000,8000,8000,8000,8000,8000,8000,8000,8000,8000,8000,8000,8000,8000,8000
8000,8000,8000,8000,8000,8000,8000,8000,8000,8000,8000,8000,8000,8000,8000,8000
8000,8000,8000,8000,8000,8000,8000,8000,8000,8000,8000,8000,8000,8000,8000,8000
8000,8000,8000,8000,8000,8000,8000,8000,8400,9020,8c20,8000,8000,8000,8000,8000
8000,9000,8800,8400,8400,8000,8c20,3860,6c80,7c60,7c80,6460,a020,8000,8000,8000
8000,8800,8800,8400,1420,60a0,78c0,7c60,7c20,7c00,7c00,6880,7440,2400,8000,8000
8000,8000,8c00,8c00,8400,2440,5480,7c40,7c20,7c00,6440,52c0,5940,5800,8000,8000
8400,8c00,9400,9420,1c20,4480,6ca0,7c40,7c20,7c20,7820,6080,6840,5c00,8000,8000
8400,8c00,0400,1820,3040,4480,70c0,7c20,7c00,7c20,7820,5800,7c00,4800,8000,8000
8800,8800,9800,9800,0000,0c00,54a0,7ca0,7c20,7c20,7c00,6020,5420,9400,8000,8000
8400,8400,9000,9400,8800,9820,2840,2440,3c40,6060,7480,6860,2000,8000,8000,8000
8000,8400,8400,8800,8400,8800,8400,8000,8000,8400,8800,8000,8000,8000,8000,8000
8000,8000,8000,8400,8400,8800,8800,8400,8000,8000,8000,8000,8000,8000,8000,8000
8000,8000,8000,8000,8000,8000,8000,8000,8000,8000,8000,8000,8000,8000,8000,8000
8000,8000,8000,8000,8000,8000,8000,8000,8000,8000,8000,8000,8000,8000,8000,8000
8000,8000,8000,8000,8000,8000,8000,8000,8000,8000,8000,8000,8000,8000,8000,8000
8000,8000,8000,8000,8000,8000,8000,8000,8000,8000,8000,8000,8000,8000,8000,8000
8000,8000,8000,8000,8000,8000,8000,8000,8000,8000,8000,8000,8000,8000,8000,8000
8000,8000,8000,8000,8000,8000,8000,8000,8000,8000,8000,8000,8000,8000,8000,8000
8000,8000,8000,8000,8000,8000,8000,0800,3860,5ca0,6460,5880,2860,8000,8000,8000
8000,8000,0000,1820,2440,3060,4480,70c0,7cc0,7c60,7c00,7c20,7c20,5420,8400,8000
8000,8000,8000,2c40,74c0,7cc0,7ce0,7c80,7c00,7c00,7c00,6860,5920,7460,4000,8000
8000,8800,8400,8800,1820,2c40,6880,7c00,7c20,7c20,7c00,5500,5700,4900,6000,8000
8400,8800,9000,8c20,9000,1020,4c80,7c60,7c20,7c20,7c20,7420,6060,6c20,6c00,8000
8400,8c00,9000,9000,9420,9400,0800,4c80,7c40,7c00,7c20,6c20,6400,7c20,5000,8000
8400,8c00,9000,9000,0000,0c00,50a0,7880,7c20,7c00,7c20,7400,3800,6400,2400,8000
8400,8800,8c00,9000,9400,9000,1c20,4060,6c80,7c60,7c20,7c40,7c40,3c20,8000,8000
8000,8400,8800,8c00,9000,8c00,8800,8000,0800,3060,4460,4060,2840,8000,8000,8000
8000,8000,8400,8800,8800,8c00,8c00,8400,8400,8000,8000,8000,8000,8000,8000,8000
8000,8000,8000,8000,8400,8400,8400,8400,8400,8000,8000,8000,8000,8000,8000,8000
8000,8000,8000,8000,8000,8000,8000,8000,8000,8000,8000,8000,8000,8000,8000,8000
8000,8000,8000,8000,8000,8000,8000,8000,8000,8000,8000,8000,8000,8000,8000,8000
8000,8000,8000,8000,8000,8000,8000,8000,8000,8000,8000,8000,8000,8000,8000,8000
8000,8000,8000,8000,8000,8000,8000,8000,8000,8000,8000,8000,8000,8000,8000,8000
8000,8000,8000,8000,8000,8000,8000,8000,8000,8000,8000,8000,8000,8000,8000,8000
8000,8000,8000,8000,8000,8000,0800,2040,4860,5860,5460,3860,8820,8000,8000,8000
8000,8000,0000,0c00,3860,60a0,70c0,7c40,7c20,7c20,7c20,7c20,7040,2420,8000,8000
8000,8000,8000,0800,0000,3040,7ce0,7c20,7c00,7c20,7800,60c0,60c0,7820,9c00,8000
8000,8000,8000,1020,5080,5ca0,7ca0,7c20,7c20,7c20,6400,5aa0,4a80,6440,4000,8000
8000,8000,1420,3040,68c0,7ce0,78a0,7c20,7c20,7c20,7c00,6460,5480,7800,4800,8000
8000,1420,64a0,68c0,74c0,7ce0,7ca0,7c20,7c20,7c20,7c20,6000,7c00,7c20,3000,8000
0000,1820,9420,8800,1400,4860,7c40,7c00,7c00,7c20,7c20,5000,4000,6c20,8800,8000
8000,8000,8800,8800,0000,2440,6cc0,7860,7c40,7c20,7c20,7c20,6c40,2400,8000,8000
8000,8400,8800,8400,8400,9020,9000,1420,3460,4c60,5060,4840,2020,8000,8000,8000
8000,8000,8400,8000,8000,8000,8400,8400,8000,8000,8000,8000,8000,8000,8000,8000
8000,8000,8000,8000,8400,8400,8400,8400,8000,8000,8000,8000,8000,8000,8000,8000
8000,8000,8000,8000,8000,8000,8000,8000,8000,8000,8000,8000,8000,8000,8000,8000
8000,8000,8000,8000,8000,8000,8000,8000,8000,8000,8000,8000,8000,8000,8000,8000
8000,8000,8000,8000,8000,8000,8000,8000,8000,8000,8000,8000,8000,8000,8000,8000
8000,8000,8000,8000,8000,8000,8000,8000,8000,8000,8000,8000,8000,8000,8000,8000
8000,8000,8000,8000,8000,8000,8000,8000,8000,8000,8000,8000,8000,8000,8000,8000
8000,8000,8000,8000,8000,8000,8000,8000,8000,8000,8000,8000,8000,8000,8000,8000
8000,8000,8000,8000,8000,8000,8000,8000,8000,8000,8000,8000,8000,8000,8000,8000
8000,8000,8000,8400,8400,8400,8000,8000,1c40,4460,4c60,4c60,3460,8420,8000,8000
8000,8000,8000,8800,8400,8400,2c40,60a0,7c80,7c40,7c20,7c20,7c00,6c20,9c00,8000
8000,8400,8800,8800,8c00,8400,3060,7ca0,7c00,7c00,7c20,7400,5920,6100,6400,8800
8400,8800,8c00,8800,2440,58a0,70c0,7c60,7c00,7c20,7c20,6800,5a60,4e20,6400,2800
8400,8800,9000,9000,1c20,78e0,7ce0,7ca0,7c40,7c20,7c20,7c00,7020,6c20,7c20,2800
8400,0400,1c20,2440,4480,5ca0,68c0,78c0,7c40,7c00,7c20,7c20,4c00,7000,7420,8c00
8400,8800,8c00,9420,9000,8800,2840,70a0,7c40,7c00,7c00,7c00,6800,5400,3c00,8000
8400,8400,8800,8800,8c00,1420,3860,3860,4860,6460,7460,7860,7860,4c40,8000,8000
8400,8400,8800,8800,8800,8800,8400,8000,8000,8400,8820,9020,8820,8000,8000,8000
8000,8000,8400,8400,8000,8400,8800,8400,8000,8000,8000,8000,8000,8000,8000,8000
8000,8000,8000,8000,8000,8000,8000,8000,8000,8000,8000,8000,8000,8000,8000,8000
8000,8000,8000,8000,8000,8000,8000,8000,8000,8000,8000,8000,8000,8000,8000,8000
8000,8000,8000,8000,8000,8000,8000,8000,8000,8000,8000,8000,8000,8000,8000,8000
8000,8000,8000,8000,8000,8000,8000,8000,1c40,2040,2040,8c20,8000,8000,8000,8000
8000,8400,8400,8000,8000,8800,2440,5cc0,7cc0,7c80,7c80,7480,4860,8820,8000,8000
8400,8800,0000,0800,4c80,70c0,7ce0,7c80,7c20,7c00,7c00,7c00,7c00,7040,1800,8000
8c00,8c00,8c00,8000,2c40,7ce0,7880,7c00,7c20,7c20,7c00,5c80,5120,6840,6c00,8800
8800,0800,2020,3460,5c80,7cc0,7c80,7c00,7c20,7c20,6800,4e20,6b60,3d20,7c00,2000
8c00,0400,1c20,64c0,7d00,78e0,7c40,7c00,7c20,7c20,7800,5880,4940,5040,7c00,2400
9000,3860,6cc0,74e0,7ce0,78c0,7c20,7c00,7c20,7c20,7c20,7c00,7c00,7c00,7c20,2000
1000,3860,3c60,6080,74e0,7cc0,7c20,7c20,7c20,7c20,7c20,4800,5020,7c20,6800,8800
8c00,8c00,8800,8800,1420,6cc0,7c60,7c00,7c00,7c00,7c20,7400,3000,5800,3800,8000
9000,9020,9420,0400,3060,58a0,6080,74a0,7c80,7c40,7c20,7c40,7c40,5040,8400,8000
8c00,8c00,0400,0400,8c00,8800,8400,1020,3860,5480,5860,5080,3060,8000,8000,8000
8800,8c00,8c00,8800,8400,8400,8400,8000,8000,8000,8000,8000,8000,8000,8000,8000
8400,8400,8400,8800,8800,8800,8800,8400,8000,8000,8000,8000,8000,8000,8000,8000
8000,8000,8000,8000,8000,8000,8000,8000,8000,8000,8000,8000,8000,8000,8000,8000
8000,8000,8000,8000,8000,8000,8000,8000,8000,8000,8000,8000,8000,8000,8000,8000
8000,8000,8000,8000,8400,8000,8800,8400,8400,8400,8000,8000,8000,8000,8000,8000
8000,8000,8000,8400,8800,8400,8800,8c20,8820,8800,8800,8400,8000,8000,8000,8000
8000,8000,8400,8400,8c00,2480,9800,a040,4900,9000,8800,8800,8400,8000,8000,8000
8000,8000,8000,8800,8400,58c0,4080,2020,7ce0,a020,8800,8c00,8400,8000,8000,8000
8000,8000,8000,3060,1820,6c60,6460,4480,7c80,2c40,1020,9000,8400,8000,8000,8000
8000,8000,8400,58a0,58a0,7c00,7c20,7c60,7c00,5c80,6480,8c00,8000,8400,8000,8000
8000,8000,8400,5c80,7c60,5840,6c20,7c00,7400,7800,7c00,9800,8000,8400,8000,8000
8000,8400,8000,4c40,6420,4ee0,4d80,7000,4160,4500,7c00,3440,8000,8400,8000,8000
8000,8400,8000,2c20,7820,54a0,6840,7c00,5c60,6440,7c00,3420,8000,8400,8000,8000
8000,8400,8000,9000,7c00,7c00,6400,7000,7c00,7c00,7c00,9800,8000,8400,8000,8000
8000,8000,8000,8000,3800,7c00,6400,5000,7000,7c00,3400,8000,8000,8000,8000,8000
8000,8000,8000,8000,8000,2000,5000,5800,4400,a000,8000,8000,8000,8000,8000,8000
8000,8000,8000,8000,8000,8000,8000,8000,8000,8000,8000,8000,8000,8000,8000,8000
8000,8000,8000,8000,8000,8000,8000,8000,8000,8000,8000,8000,8000,8000,8000,8000
8000,8000,8000,8000,8000,8000,8000,8000,8000,8000,8000,8000,8000,8000,8000,8000
8000,8000,8000,8000,8000,8000,8000,8000,8000,8000,8000,8000,8000,8000,8000,8000
8000,8000,8000,8000,8000,8000,8000,8000,8400,0820,8000,8000,8000,8000,8000,8000
8000,8000,8000,8000,8400,8400,8400,8800,8800,8400,8400,8400,8000,8000,8000,8000
8000,8000,8000,8400,8800,8c00,8400,9000,9000,8800,8800,8400,8400,8000,8000,8000
8000,8000,8000,8800,8c00,9000,1860,9820,9400,1420,9000,8c00,8800,8400,8000,8000
8000,8000,8400,8c00,8c00,8c00,5d20,3860,1020,68c0,1820,0800,8c00,8400,8000,8000
8000,8000,8800,8c00,8c00,8c20,7480,5c80,4840,7c60,4060,3460,8c00,8400,8000,8000
8000,8400,8800,8c00,1c20,3460,7c20,7c20,7c20,7c00,7480,6860,8c00,8400,8400,8000
8000,8400,8800,8800,4840,7880,7400,7c00,7c00,7c00,7c00,7420,9020,8400,8400,8000
8000,8400,8800,8800,5800,6880,5240,58c0,7800,4d00,6040,7c00,9820,8400,8400,8000
8000,8400,8400,8400,4800,6c60,5220,5c80,7400,4560,6060,7800,9020,8400,8400,8000
8000,8000,8800,8400,3000,7c00,6c00,7c00,7c00,7c00,7c00,7400,8c00,8000,8400,8000
8000,8000,8400,8000,8c00,7400,7800,4800,4c00,7400,7c00,4400,8000,8400,8000,8000
8000,8000,8000,8400,8000,2000,6c00,7400,6400,7000,4c00,8400,8000,8400,8000,8000
8000,8000,8000,8000,8000,8000,8400,9c00,a000,8c00,8000,8000,8400,8000,8000,8000
8000,8000,8000,8000,8000,8000,8000,8000,8000,8000,8000,8000,8000,8000,8000,8000
